instance_id,deck_id,platform,mode,version,effective_date,card_name,card_variant,card_type,suit,color,rank,quantity,card_key,equip_slot,distance_modifier,source,source_type,verification_status,verified_date,notes
sgs-mobile-20260725-001,sgs_mobile_non_special_20260725_unofficial,三国杀移动版,常规军争身份模式；排位2v2；斗地主；八人军争限时变体,2026-07-25时的版本,2026-07-25,诸葛连弩,无,装备牌,♦,红,A,1,sgs_weapon_zhugeliannu,weapon,,初始来源为非官方网络UP主转录；后经用户与实际卡牌逐张核对,unofficial_transcription_then_user_verified,user_verified_against_actual_cards,2026-07-27,用户原始明细；颜色由花色推导；类别按牌名结构化；未进行官方核验；核验状态不代表官方逐牌认证；卡面正式文本已由用户提供并确认（IN_GAME_CARD_TEXT_CONFIRMED，2026-08-08，移动版）
sgs-mobile-20260725-002,sgs_mobile_non_special_20260725_unofficial,三国杀移动版,常规军争身份模式；排位2v2；斗地主；八人军争限时变体,2026-07-25时的版本,2026-07-25,决斗,无,锦囊牌,♦,红,A,1,sgs_trick_juedou,,,初始来源为非官方网络UP主转录；后经用户与实际卡牌逐张核对,unofficial_transcription_then_user_verified,user_verified_against_actual_cards,2026-07-27,用户原始明细；颜色由花色推导；类别按牌名结构化；未进行官方核验；核验状态不代表官方逐牌认证；卡面正式文本已由用户提供并确认（IN_GAME_CARD_TEXT_CONFIRMED，2026-08-09，移动版军争卡组/卡牌说明截图）；用户移动版决斗实际牌局记录确认：目标先响应、双方交替打出【杀】、普通/火/雷杀均可满足“打出一张【杀】”（USER_CONFIRMED_MOBILE_RULE，2026-08-09）
sgs-mobile-20260725-003,sgs_mobile_non_special_20260725_unofficial,三国杀移动版,常规军争身份模式；排位2v2；斗地主；八人军争限时变体,2026-07-25时的版本,2026-07-25,朱雀羽扇,无,装备牌,♦,红,A,1,sgs_weapon_zhuqueyushan,weapon,,初始来源为非官方网络UP主转录；后经用户与实际卡牌逐张核对,unofficial_transcription_then_user_verified,user_verified_against_actual_cards,2026-07-27,用户原始明细；颜色由花色推导；类别按牌名结构化；未进行官方核验；核验状态不代表官方逐牌认证
sgs-mobile-20260725-004,sgs_mobile_non_special_20260725_unofficial,三国杀移动版,常规军争身份模式；排位2v2；斗地主；八人军争限时变体,2026-07-25时的版本,2026-07-25,闪,无,基本牌,♦,红,2,1,sgs_basic_shan,,,初始来源为非官方网络UP主转录；后经用户与实际卡牌逐张核对,unofficial_transcription_then_user_verified,user_verified_against_actual_cards,2026-07-27,用户原始明细；颜色由花色推导；类别按牌名结构化；未进行官方核验；核验状态不代表官方逐牌认证
sgs-mobile-20260725-005,sgs_mobile_non_special_20260725_unofficial,三国杀移动版,常规军争身份模式；排位2v2；斗地主；八人军争限时变体,2026-07-25时的版本,2026-07-25,闪,无,基本牌,♦,红,2,1,sgs_basic_shan,,,初始来源为非官方网络UP主转录；后经用户与实际卡牌逐张核对,unofficial_transcription_then_user_verified,user_verified_against_actual_cards,2026-07-27,用户原始明细；颜色由花色推导；类别按牌名结构化；未进行官方核验；核验状态不代表官方逐牌认证
sgs-mobile-20260725-006,sgs_mobile_non_special_20260725_unofficial,三国杀移动版,常规军争身份模式；排位2v2；斗地主；八人军争限时变体,2026-07-25时的版本,2026-07-25,桃,无,基本牌,♦,红,2,1,sgs_basic_tao,,,初始来源为非官方网络UP主转录；后经用户与实际卡牌逐张核对,unofficial_transcription_then_user_verified,user_verified_against_actual_cards,2026-07-27,用户原始明细；颜色由花色推导；类别按牌名结构化；未进行官方核验；核验状态不代表官方逐牌认证
sgs-mobile-20260725-007,sgs_mobile_non_special_20260725_unofficial,三国杀移动版,常规军争身份模式；排位2v2；斗地主；八人军争限时变体,2026-07-25时的版本,2026-07-25,闪,无,基本牌,♦,红,3,1,sgs_basic_shan,,,初始来源为非官方网络UP主转录；后经用户与实际卡牌逐张核对,unofficial_transcription_then_user_verified,user_verified_against_actual_cards,2026-07-27,用户原始明细；颜色由花色推导；类别按牌名结构化；未进行官方核验；核验状态不代表官方逐牌认证
sgs-mobile-20260725-008,sgs_mobile_non_special_20260725_unofficial,三国杀移动版,常规军争身份模式；排位2v2；斗地主；八人军争限时变体,2026-07-25时的版本,2026-07-25,顺手牵羊,无,锦囊牌,♦,红,3,1,sgs_trick_shunshouqianyang,,,初始来源为非官方网络UP主转录；后经用户与实际卡牌逐张核对,unofficial_transcription_then_user_verified,user_verified_against_actual_cards,2026-07-27,用户原始明细；颜色由花色推导；类别按牌名结构化；未进行官方核验；核验状态不代表官方逐牌认证
sgs-mobile-20260725-009,sgs_mobile_non_special_20260725_unofficial,三国杀移动版,常规军争身份模式；排位2v2；斗地主；八人军争限时变体,2026-07-25时的版本,2026-07-25,桃,无,基本牌,♦,红,3,1,sgs_basic_tao,,,初始来源为非官方网络UP主转录；后经用户与实际卡牌逐张核对,unofficial_transcription_then_user_verified,user_verified_against_actual_cards,2026-07-27,用户原始明细；颜色由花色推导；类别按牌名结构化；未进行官方核验；核验状态不代表官方逐牌认证
sgs-mobile-20260725-010,sgs_mobile_non_special_20260725_unofficial,三国杀移动版,常规军争身份模式；排位2v2；斗地主；八人军争限时变体,2026-07-25时的版本,2026-07-25,闪,无,基本牌,♦,红,4,1,sgs_basic_shan,,,初始来源为非官方网络UP主转录；后经用户与实际卡牌逐张核对,unofficial_transcription_then_user_verified,user_verified_against_actual_cards,2026-07-27,用户原始明细；颜色由花色推导；类别按牌名结构化；未进行官方核验；核验状态不代表官方逐牌认证
sgs-mobile-20260725-011,sgs_mobile_non_special_20260725_unofficial,三国杀移动版,常规军争身份模式；排位2v2；斗地主；八人军争限时变体,2026-07-25时的版本,2026-07-25,顺手牵羊,无,锦囊牌,♦,红,4,1,sgs_trick_shunshouqianyang,,,初始来源为非官方网络UP主转录；后经用户与实际卡牌逐张核对,unofficial_transcription_then_user_verified,user_verified_against_actual_cards,2026-07-27,用户原始明细；颜色由花色推导；类别按牌名结构化；未进行官方核验；核验状态不代表官方逐牌认证
sgs-mobile-20260725-012,sgs_mobile_non_special_20260725_unofficial,三国杀移动版,常规军争身份模式；排位2v2；斗地主；八人军争限时变体,2026-07-25时的版本,2026-07-25,火杀,无,基本牌,♦,红,4,1,sgs_basic_huosha,,,初始来源为非官方网络UP主转录；后经用户与实际卡牌逐张核对,unofficial_transcription_then_user_verified,user_verified_against_actual_cards,2026-07-27,用户原始明细；颜色由花色推导；类别按牌名结构化；未进行官方核验；核验状态不代表官方逐牌认证；卡面正式文本已由用户提供并确认（IN_GAME_CARD_TEXT_CONFIRMED，2026-08-09，移动版军争卡组/卡牌说明截图）
sgs-mobile-20260725-013,sgs_mobile_non_special_20260725_unofficial,三国杀移动版,常规军争身份模式；排位2v2；斗地主；八人军争限时变体,2026-07-25时的版本,2026-07-25,闪,无,基本牌,♦,红,5,1,sgs_basic_shan,,,初始来源为非官方网络UP主转录；后经用户与实际卡牌逐张核对,unofficial_transcription_then_user_verified,user_verified_against_actual_cards,2026-07-27,用户原始明细；颜色由花色推导；类别按牌名结构化；未进行官方核验；核验状态不代表官方逐牌认证
sgs-mobile-20260725-014,sgs_mobile_non_special_20260725_unofficial,三国杀移动版,常规军争身份模式；排位2v2；斗地主；八人军争限时变体,2026-07-25时的版本,2026-07-25,贯石斧,无,装备牌,♦,红,5,1,sgs_weapon_guanshifu,weapon,,初始来源为非官方网络UP主转录；后经用户与实际卡牌逐张核对,unofficial_transcription_then_user_verified,user_verified_against_actual_cards,2026-07-27,用户原始明细；颜色由花色推导；类别按牌名结构化；未进行官方核验；核验状态不代表官方逐牌认证
sgs-mobile-20260725-015,sgs_mobile_non_special_20260725_unofficial,三国杀移动版,常规军争身份模式；排位2v2；斗地主；八人军争限时变体,2026-07-25时的版本,2026-07-25,火杀,无,基本牌,♦,红,5,1,sgs_basic_huosha,,,初始来源为非官方网络UP主转录；后经用户与实际卡牌逐张核对,unofficial_transcription_then_user_verified,user_verified_against_actual_cards,2026-07-27,用户原始明细；颜色由花色推导；类别按牌名结构化；未进行官方核验；核验状态不代表官方逐牌认证；卡面正式文本已由用户提供并确认（IN_GAME_CARD_TEXT_CONFIRMED，2026-08-09，移动版军争卡组/卡牌说明截图）
sgs-mobile-20260725-016,sgs_mobile_non_special_20260725_unofficial,三国杀移动版,常规军争身份模式；排位2v2；斗地主；八人军争限时变体,2026-07-25时的版本,2026-07-25,杀,无,基本牌,♦,红,6,1,sgs_basic_sha,,,初始来源为非官方网络UP主转录；后经用户与实际卡牌逐张核对,unofficial_transcription_then_user_verified,user_verified_against_actual_cards,2026-07-27,用户原始明细；颜色由花色推导；类别按牌名结构化；未进行官方核验；核验状态不代表官方逐牌认证；卡面正式文本已由用户提供并确认（IN_GAME_CARD_TEXT_CONFIRMED，2026-08-09，移动版军争卡组/卡牌说明截图）
sgs-mobile-20260725-017,sgs_mobile_non_special_20260725_unofficial,三国杀移动版,常规军争身份模式；排位2v2；斗地主；八人军争限时变体,2026-07-25时的版本,2026-07-25,闪,无,基本牌,♦,红,6,1,sgs_basic_shan,,,初始来源为非官方网络UP主转录；后经用户与实际卡牌逐张核对,unofficial_transcription_then_user_verified,user_verified_against_actual_cards,2026-07-27,用户原始明细；颜色由花色推导；类别按牌名结构化；未进行官方核验；核验状态不代表官方逐牌认证
sgs-mobile-20260725-018,sgs_mobile_non_special_20260725_unofficial,三国杀移动版,常规军争身份模式；排位2v2；斗地主；八人军争限时变体,2026-07-25时的版本,2026-07-25,闪,无,基本牌,♦,红,6,1,sgs_basic_shan,,,初始来源为非官方网络UP主转录；后经用户与实际卡牌逐张核对,unofficial_transcription_then_user_verified,user_verified_against_actual_cards,2026-07-27,用户原始明细；颜色由花色推导；类别按牌名结构化；未进行官方核验；核验状态不代表官方逐牌认证
sgs-mobile-20260725-019,sgs_mobile_non_special_20260725_unofficial,三国杀移动版,常规军争身份模式；排位2v2；斗地主；八人军争限时变体,2026-07-25时的版本,2026-07-25,杀,无,基本牌,♦,红,7,1,sgs_basic_sha,,,初始来源为非官方网络UP主转录；后经用户与实际卡牌逐张核对,unofficial_transcription_then_user_verified,user_verified_against_actual_cards,2026-07-27,用户原始明细；颜色由花色推导；类别按牌名结构化；未进行官方核验；核验状态不代表官方逐牌认证；卡面正式文本已由用户提供并确认（IN_GAME_CARD_TEXT_CONFIRMED，2026-08-09，移动版军争卡组/卡牌说明截图）
sgs-mobile-20260725-020,sgs_mobile_non_special_20260725_unofficial,三国杀移动版,常规军争身份模式；排位2v2；斗地主；八人军争限时变体,2026-07-25时的版本,2026-07-25,闪,无,基本牌,♦,红,7,1,sgs_basic_shan,,,初始来源为非官方网络UP主转录；后经用户与实际卡牌逐张核对,unofficial_transcription_then_user_verified,user_verified_against_actual_cards,2026-07-27,用户原始明细；颜色由花色推导；类别按牌名结构化；未进行官方核验；核验状态不代表官方逐牌认证
sgs-mobile-20260725-021,sgs_mobile_non_special_20260725_unofficial,三国杀移动版,常规军争身份模式；排位2v2；斗地主；八人军争限时变体,2026-07-25时的版本,2026-07-25,闪,无,基本牌,♦,红,7,1,sgs_basic_shan,,,初始来源为非官方网络UP主转录；后经用户与实际卡牌逐张核对,unofficial_transcription_then_user_verified,user_verified_against_actual_cards,2026-07-27,用户原始明细；颜色由花色推导；类别按牌名结构化；未进行官方核验；核验状态不代表官方逐牌认证
sgs-mobile-20260725-022,sgs_mobile_non_special_20260725_unofficial,三国杀移动版,常规军争身份模式；排位2v2；斗地主；八人军争限时变体,2026-07-25时的版本,2026-07-25,杀,无,基本牌,♦,红,8,1,sgs_basic_sha,,,初始来源为非官方网络UP主转录；后经用户与实际卡牌逐张核对,unofficial_transcription_then_user_verified,user_verified_against_actual_cards,2026-07-27,用户原始明细；颜色由花色推导；类别按牌名结构化；未进行官方核验；核验状态不代表官方逐牌认证；卡面正式文本已由用户提供并确认（IN_GAME_CARD_TEXT_CONFIRMED，2026-08-09，移动版军争卡组/卡牌说明截图）
sgs-mobile-20260725-023,sgs_mobile_non_special_20260725_unofficial,三国杀移动版,常规军争身份模式；排位2v2；斗地主；八人军争限时变体,2026-07-25时的版本,2026-07-25,闪,无,基本牌,♦,红,8,1,sgs_basic_shan,,,初始来源为非官方网络UP主转录；后经用户与实际卡牌逐张核对,unofficial_transcription_then_user_verified,user_verified_against_actual_cards,2026-07-27,用户原始明细；颜色由花色推导；类别按牌名结构化；未进行官方核验；核验状态不代表官方逐牌认证
sgs-mobile-20260725-024,sgs_mobile_non_special_20260725_unofficial,三国杀移动版,常规军争身份模式；排位2v2；斗地主；八人军争限时变体,2026-07-25时的版本,2026-07-25,闪,无,基本牌,♦,红,8,1,sgs_basic_shan,,,初始来源为非官方网络UP主转录；后经用户与实际卡牌逐张核对,unofficial_transcription_then_user_verified,user_verified_against_actual_cards,2026-07-27,用户原始明细；颜色由花色推导；类别按牌名结构化；未进行官方核验；核验状态不代表官方逐牌认证
sgs-mobile-20260725-025,sgs_mobile_non_special_20260725_unofficial,三国杀移动版,常规军争身份模式；排位2v2；斗地主；八人军争限时变体,2026-07-25时的版本,2026-07-25,杀,无,基本牌,♦,红,9,1,sgs_basic_sha,,,初始来源为非官方网络UP主转录；后经用户与实际卡牌逐张核对,unofficial_transcription_then_user_verified,user_verified_against_actual_cards,2026-07-27,用户原始明细；颜色由花色推导；类别按牌名结构化；未进行官方核验；核验状态不代表官方逐牌认证；卡面正式文本已由用户提供并确认（IN_GAME_CARD_TEXT_CONFIRMED，2026-08-09，移动版军争卡组/卡牌说明截图）
sgs-mobile-20260725-026,sgs_mobile_non_special_20260725_unofficial,三国杀移动版,常规军争身份模式；排位2v2；斗地主；八人军争限时变体,2026-07-25时的版本,2026-07-25,闪,无,基本牌,♦,红,9,1,sgs_basic_shan,,,初始来源为非官方网络UP主转录；后经用户与实际卡牌逐张核对,unofficial_transcription_then_user_verified,user_verified_against_actual_cards,2026-07-27,用户原始明细；颜色由花色推导；类别按牌名结构化；未进行官方核验；核验状态不代表官方逐牌认证
sgs-mobile-20260725-027,sgs_mobile_non_special_20260725_unofficial,三国杀移动版,常规军争身份模式；排位2v2；斗地主；八人军争限时变体,2026-07-25时的版本,2026-07-25,酒,无,基本牌,♦,红,9,1,sgs_basic_jiu,,,初始来源为非官方网络UP主转录；后经用户与实际卡牌逐张核对,unofficial_transcription_then_user_verified,user_verified_against_actual_cards,2026-07-27,用户原始明细；颜色由花色推导；类别按牌名结构化；未进行官方核验；核验状态不代表官方逐牌认证
sgs-mobile-20260725-028,sgs_mobile_non_special_20260725_unofficial,三国杀移动版,常规军争身份模式；排位2v2；斗地主；八人军争限时变体,2026-07-25时的版本,2026-07-25,杀,无,基本牌,♦,红,10,1,sgs_basic_sha,,,初始来源为非官方网络UP主转录；后经用户与实际卡牌逐张核对,unofficial_transcription_then_user_verified,user_verified_against_actual_cards,2026-07-27,用户原始明细；颜色由花色推导；类别按牌名结构化；未进行官方核验；核验状态不代表官方逐牌认证；卡面正式文本已由用户提供并确认（IN_GAME_CARD_TEXT_CONFIRMED，2026-08-09，移动版军争卡组/卡牌说明截图）
sgs-mobile-20260725-029,sgs_mobile_non_special_20260725_unofficial,三国杀移动版,常规军争身份模式；排位2v2；斗地主；八人军争限时变体,2026-07-25时的版本,2026-07-25,闪,无,基本牌,♦,红,10,1,sgs_basic_shan,,,初始来源为非官方网络UP主转录；后经用户与实际卡牌逐张核对,unofficial_transcription_then_user_verified,user_verified_against_actual_cards,2026-07-27,用户原始明细；颜色由花色推导；类别按牌名结构化；未进行官方核验；核验状态不代表官方逐牌认证
sgs-mobile-20260725-030,sgs_mobile_non_special_20260725_unofficial,三国杀移动版,常规军争身份模式；排位2v2；斗地主；八人军争限时变体,2026-07-25时的版本,2026-07-25,闪,无,基本牌,♦,红,10,1,sgs_basic_shan,,,初始来源为非官方网络UP主转录；后经用户与实际卡牌逐张核对,unofficial_transcription_then_user_verified,user_verified_against_actual_cards,2026-07-27,用户原始明细；颜色由花色推导；类别按牌名结构化；未进行官方核验；核验状态不代表官方逐牌认证
sgs-mobile-20260725-031,sgs_mobile_non_special_20260725_unofficial,三国杀移动版,常规军争身份模式；排位2v2；斗地主；八人军争限时变体,2026-07-25时的版本,2026-07-25,闪,无,基本牌,♦,红,J,1,sgs_basic_shan,,,初始来源为非官方网络UP主转录；后经用户与实际卡牌逐张核对,unofficial_transcription_then_user_verified,user_verified_against_actual_cards,2026-07-27,用户原始明细；颜色由花色推导；类别按牌名结构化；未进行官方核验；核验状态不代表官方逐牌认证
sgs-mobile-20260725-032,sgs_mobile_non_special_20260725_unofficial,三国杀移动版,常规军争身份模式；排位2v2；斗地主；八人军争限时变体,2026-07-25时的版本,2026-07-25,闪,无,基本牌,♦,红,J,1,sgs_basic_shan,,,初始来源为非官方网络UP主转录；后经用户与实际卡牌逐张核对,unofficial_transcription_then_user_verified,user_verified_against_actual_cards,2026-07-27,用户原始明细；颜色由花色推导；类别按牌名结构化；未进行官方核验；核验状态不代表官方逐牌认证
sgs-mobile-20260725-033,sgs_mobile_non_special_20260725_unofficial,三国杀移动版,常规军争身份模式；排位2v2；斗地主；八人军争限时变体,2026-07-25时的版本,2026-07-25,闪,无,基本牌,♦,红,J,1,sgs_basic_shan,,,初始来源为非官方网络UP主转录；后经用户与实际卡牌逐张核对,unofficial_transcription_then_user_verified,user_verified_against_actual_cards,2026-07-27,用户原始明细；颜色由花色推导；类别按牌名结构化；未进行官方核验；核验状态不代表官方逐牌认证
sgs-mobile-20260725-034,sgs_mobile_non_special_20260725_unofficial,三国杀移动版,常规军争身份模式；排位2v2；斗地主；八人军争限时变体,2026-07-25时的版本,2026-07-25,桃,无,基本牌,♦,红,Q,1,sgs_basic_tao,,,初始来源为非官方网络UP主转录；后经用户与实际卡牌逐张核对,unofficial_transcription_then_user_verified,user_verified_against_actual_cards,2026-07-27,用户原始明细；颜色由花色推导；类别按牌名结构化；未进行官方核验；核验状态不代表官方逐牌认证
sgs-mobile-20260725-035,sgs_mobile_non_special_20260725_unofficial,三国杀移动版,常规军争身份模式；排位2v2；斗地主；八人军争限时变体,2026-07-25时的版本,2026-07-25,方天画戟,无,装备牌,♦,红,Q,1,sgs_weapon_fangtianhuaji,weapon,,初始来源为非官方网络UP主转录；后经用户与实际卡牌逐张核对,unofficial_transcription_then_user_verified,user_verified_against_actual_cards,2026-07-27,用户原始明细；颜色由花色推导；类别按牌名结构化；未进行官方核验；核验状态不代表官方逐牌认证
sgs-mobile-20260725-036,sgs_mobile_non_special_20260725_unofficial,三国杀移动版,常规军争身份模式；排位2v2；斗地主；八人军争限时变体,2026-07-25时的版本,2026-07-25,火攻,无,锦囊牌,♦,红,Q,1,sgs_trick_huogong,,,初始来源为非官方网络UP主转录；后经用户与实际卡牌逐张核对,unofficial_transcription_then_user_verified,user_verified_against_actual_cards,2026-07-27,用户原始明细；颜色由花色推导；类别按牌名结构化；未进行官方核验；核验状态不代表官方逐牌认证
sgs-mobile-20260725-037,sgs_mobile_non_special_20260725_unofficial,三国杀移动版,常规军争身份模式；排位2v2；斗地主；八人军争限时变体,2026-07-25时的版本,2026-07-25,无懈可击,EX扩展,锦囊牌,♦,红,Q,1,sgs_trick_wuxiekeji,,,初始来源为非官方网络UP主转录；后经用户与实际卡牌逐张核对,unofficial_transcription_then_user_verified,user_verified_against_actual_cards,2026-07-27,用户补充确认：EX扩展牌，点数同上一行；本牌堆正常包含；颜色由花色推导；类别按牌名结构化；未进行官方核验；核验状态不代表官方逐牌认证
sgs-mobile-20260725-038,sgs_mobile_non_special_20260725_unofficial,三国杀移动版,常规军争身份模式；排位2v2；斗地主；八人军争限时变体,2026-07-25时的版本,2026-07-25,杀,无,基本牌,♦,红,K,1,sgs_basic_sha,,,初始来源为非官方网络UP主转录；后经用户与实际卡牌逐张核对,unofficial_transcription_then_user_verified,user_verified_against_actual_cards,2026-07-27,用户原始明细；颜色由花色推导；类别按牌名结构化；未进行官方核验；核验状态不代表官方逐牌认证；卡面正式文本已由用户提供并确认（IN_GAME_CARD_TEXT_CONFIRMED，2026-08-09，移动版军争卡组/卡牌说明截图）
sgs-mobile-20260725-039,sgs_mobile_non_special_20260725_unofficial,三国杀移动版,常规军争身份模式；排位2v2；斗地主；八人军争限时变体,2026-07-25时的版本,2026-07-25,紫骍,无,装备牌,♦,红,K,1,sgs_mount_offensive,attack_horse,-1,初始来源为非官方网络UP主转录；后经用户与实际卡牌逐张核对,unofficial_transcription_then_user_verified,user_verified_against_actual_cards,2026-07-27,用户原始明细；颜色由花色推导；类别按牌名结构化；未进行官方核验；核验状态不代表官方逐牌认证
sgs-mobile-20260725-040,sgs_mobile_non_special_20260725_unofficial,三国杀移动版,常规军争身份模式；排位2v2；斗地主；八人军争限时变体,2026-07-25时的版本,2026-07-25,骅骝,无,装备牌,♦,红,K,1,sgs_mount_defensive,defense_horse,+1,初始来源为非官方网络UP主转录；后经用户与实际卡牌逐张核对,unofficial_transcription_then_user_verified,user_verified_against_actual_cards,2026-07-27,用户原始明细；颜色由花色推导；类别按牌名结构化；未进行官方核验；核验状态不代表官方逐牌认证
sgs-mobile-20260725-041,sgs_mobile_non_special_20260725_unofficial,三国杀移动版,常规军争身份模式；排位2v2；斗地主；八人军争限时变体,2026-07-25时的版本,2026-07-25,决斗,无,锦囊牌,♣,黑,A,1,sgs_trick_juedou,,,初始来源为非官方网络UP主转录；后经用户与实际卡牌逐张核对,unofficial_transcription_then_user_verified,user_verified_against_actual_cards,2026-07-27,用户原始明细；颜色由花色推导；类别按牌名结构化；未进行官方核验；核验状态不代表官方逐牌认证；卡面正式文本已由用户提供并确认（IN_GAME_CARD_TEXT_CONFIRMED，2026-08-09，移动版军争卡组/卡牌说明截图）；用户移动版决斗实际牌局记录确认：目标先响应、双方交替打出【杀】、普通/火/雷杀均可满足“打出一张【杀】”（USER_CONFIRMED_MOBILE_RULE，2026-08-09）
sgs-mobile-20260725-042,sgs_mobile_non_special_20260725_unofficial,三国杀移动版,常规军争身份模式；排位2v2；斗地主；八人军争限时变体,2026-07-25时的版本,2026-07-25,诸葛连弩,无,装备牌,♣,黑,A,1,sgs_weapon_zhugeliannu,weapon,,初始来源为非官方网络UP主转录；后经用户与实际卡牌逐张核对,unofficial_transcription_then_user_verified,user_verified_against_actual_cards,2026-07-27,用户原始明细；颜色由花色推导；类别按牌名结构化；未进行官方核验；核验状态不代表官方逐牌认证；卡面正式文本已由用户提供并确认（IN_GAME_CARD_TEXT_CONFIRMED，2026-08-08，移动版）
sgs-mobile-20260725-043,sgs_mobile_non_special_20260725_unofficial,三国杀移动版,常规军争身份模式；排位2v2；斗地主；八人军争限时变体,2026-07-25时的版本,2026-07-25,白银狮子,无,装备牌,♣,黑,A,1,sgs_armor_baiyinshizi,armor,,初始来源为非官方网络UP主转录；后经用户与实际卡牌逐张核对,unofficial_transcription_then_user_verified,user_verified_against_actual_cards,2026-07-27,用户原始明细；颜色由花色推导；类别按牌名结构化；未进行官方核验；核验状态不代表官方逐牌认证
sgs-mobile-20260725-044,sgs_mobile_non_special_20260725_unofficial,三国杀移动版,常规军争身份模式；排位2v2；斗地主；八人军争限时变体,2026-07-25时的版本,2026-07-25,杀,无,基本牌,♣,黑,2,1,sgs_basic_sha,,,初始来源为非官方网络UP主转录；后经用户与实际卡牌逐张核对,unofficial_transcription_then_user_verified,user_verified_against_actual_cards,2026-07-27,用户原始明细；颜色由花色推导；类别按牌名结构化；未进行官方核验；核验状态不代表官方逐牌认证；卡面正式文本已由用户提供并确认（IN_GAME_CARD_TEXT_CONFIRMED，2026-08-09，移动版军争卡组/卡牌说明截图）
sgs-mobile-20260725-045,sgs_mobile_non_special_20260725_unofficial,三国杀移动版,常规军争身份模式；排位2v2；斗地主；八人军争限时变体,2026-07-25时的版本,2026-07-25,八卦阵,无,装备牌,♣,黑,2,1,sgs_armor_baguazhen,armor,,初始来源为非官方网络UP主转录；后经用户与实际卡牌逐张核对,unofficial_transcription_then_user_verified,user_verified_against_actual_cards,2026-07-27,用户原始明细；颜色由花色推导；类别按牌名结构化；未进行官方核验；核验状态不代表官方逐牌认证
sgs-mobile-20260725-046,sgs_mobile_non_special_20260725_unofficial,三国杀移动版,常规军争身份模式；排位2v2；斗地主；八人军争限时变体,2026-07-25时的版本,2026-07-25,藤甲,无,装备牌,♣,黑,2,1,sgs_armor_tengjia,armor,,初始来源为非官方网络UP主转录；后经用户与实际卡牌逐张核对,unofficial_transcription_then_user_verified,user_verified_against_actual_cards,2026-07-27,用户原始明细；颜色由花色推导；类别按牌名结构化；未进行官方核验；核验状态不代表官方逐牌认证
sgs-mobile-20260725-047,sgs_mobile_non_special_20260725_unofficial,三国杀移动版,常规军争身份模式；排位2v2；斗地主；八人军争限时变体,2026-07-25时的版本,2026-07-25,仁王盾,EX扩展,装备牌,♣,黑,2,1,sgs_armor_renwangdun,armor,,初始来源为非官方网络UP主转录；后经用户与实际卡牌逐张核对,unofficial_transcription_then_user_verified,user_verified_against_actual_cards,2026-07-27,用户补充确认：EX扩展牌，点数同上一行；本牌堆正常包含；颜色由花色推导；类别按牌名结构化；未进行官方核验；核验状态不代表官方逐牌认证；卡面正式文本已由用户提供并确认（IN_GAME_CARD_TEXT_CONFIRMED，2026-08-09，移动版军争卡组/卡牌说明截图）
sgs-mobile-20260725-048,sgs_mobile_non_special_20260725_unofficial,三国杀移动版,常规军争身份模式；排位2v2；斗地主；八人军争限时变体,2026-07-25时的版本,2026-07-25,杀,无,基本牌,♣,黑,3,1,sgs_basic_sha,,,初始来源为非官方网络UP主转录；后经用户与实际卡牌逐张核对,unofficial_transcription_then_user_verified,user_verified_against_actual_cards,2026-07-27,用户原始明细；颜色由花色推导；类别按牌名结构化；未进行官方核验；核验状态不代表官方逐牌认证；卡面正式文本已由用户提供并确认（IN_GAME_CARD_TEXT_CONFIRMED，2026-08-09，移动版军争卡组/卡牌说明截图）
sgs-mobile-20260725-049,sgs_mobile_non_special_20260725_unofficial,三国杀移动版,常规军争身份模式；排位2v2；斗地主；八人军争限时变体,2026-07-25时的版本,2026-07-25,过河拆桥,无,锦囊牌,♣,黑,3,1,sgs_trick_guohechaiqiao,,,初始来源为非官方网络UP主转录；后经用户与实际卡牌逐张核对,unofficial_transcription_then_user_verified,user_verified_against_actual_cards,2026-07-27,用户原始明细；颜色由花色推导；类别按牌名结构化；未进行官方核验；核验状态不代表官方逐牌认证；卡面正式文本已由用户提供并确认（IN_GAME_CARD_TEXT_CONFIRMED，2026-08-09，移动版军争卡组/卡牌说明截图）
sgs-mobile-20260725-050,sgs_mobile_non_special_20260725_unofficial,三国杀移动版,常规军争身份模式；排位2v2；斗地主；八人军争限时变体,2026-07-25时的版本,2026-07-25,酒,无,基本牌,♣,黑,3,1,sgs_basic_jiu,,,初始来源为非官方网络UP主转录；后经用户与实际卡牌逐张核对,unofficial_transcription_then_user_verified,user_verified_against_actual_cards,2026-07-27,用户原始明细；颜色由花色推导；类别按牌名结构化；未进行官方核验；核验状态不代表官方逐牌认证
sgs-mobile-20260725-051,sgs_mobile_non_special_20260725_unofficial,三国杀移动版,常规军争身份模式；排位2v2；斗地主；八人军争限时变体,2026-07-25时的版本,2026-07-25,杀,无,基本牌,♣,黑,4,1,sgs_basic_sha,,,初始来源为非官方网络UP主转录；后经用户与实际卡牌逐张核对,unofficial_transcription_then_user_verified,user_verified_against_actual_cards,2026-07-27,用户原始明细；颜色由花色推导；类别按牌名结构化；未进行官方核验；核验状态不代表官方逐牌认证；卡面正式文本已由用户提供并确认（IN_GAME_CARD_TEXT_CONFIRMED，2026-08-09，移动版军争卡组/卡牌说明截图）
sgs-mobile-20260725-052,sgs_mobile_non_special_20260725_unofficial,三国杀移动版,常规军争身份模式；排位2v2；斗地主；八人军争限时变体,2026-07-25时的版本,2026-07-25,过河拆桥,无,锦囊牌,♣,黑,4,1,sgs_trick_guohechaiqiao,,,初始来源为非官方网络UP主转录；后经用户与实际卡牌逐张核对,unofficial_transcription_then_user_verified,user_verified_against_actual_cards,2026-07-27,用户原始明细；颜色由花色推导；类别按牌名结构化；未进行官方核验；核验状态不代表官方逐牌认证；卡面正式文本已由用户提供并确认（IN_GAME_CARD_TEXT_CONFIRMED，2026-08-09，移动版军争卡组/卡牌说明截图）
sgs-mobile-20260725-053,sgs_mobile_non_special_20260725_unofficial,三国杀移动版,常规军争身份模式；排位2v2；斗地主；八人军争限时变体,2026-07-25时的版本,2026-07-25,兵粮寸断,无,锦囊牌,♣,黑,4,1,sgs_delayed_bingliang,,,初始来源为非官方网络UP主转录；后经用户与实际卡牌逐张核对,unofficial_transcription_then_user_verified,user_verified_against_actual_cards,2026-07-27,用户原始明细；颜色由花色推导；类别按牌名结构化；未进行官方核验；核验状态不代表官方逐牌认证
sgs-mobile-20260725-054,sgs_mobile_non_special_20260725_unofficial,三国杀移动版,常规军争身份模式；排位2v2；斗地主；八人军争限时变体,2026-07-25时的版本,2026-07-25,杀,无,基本牌,♣,黑,5,1,sgs_basic_sha,,,初始来源为非官方网络UP主转录；后经用户与实际卡牌逐张核对,unofficial_transcription_then_user_verified,user_verified_against_actual_cards,2026-07-27,用户原始明细；颜色由花色推导；类别按牌名结构化；未进行官方核验；核验状态不代表官方逐牌认证；卡面正式文本已由用户提供并确认（IN_GAME_CARD_TEXT_CONFIRMED，2026-08-09，移动版军争卡组/卡牌说明截图）
sgs-mobile-20260725-055,sgs_mobile_non_special_20260725_unofficial,三国杀移动版,常规军争身份模式；排位2v2；斗地主；八人军争限时变体,2026-07-25时的版本,2026-07-25,的卢,无,装备牌,♣,黑,5,1,sgs_mount_defensive,defense_horse,+1,初始来源为非官方网络UP主转录；后经用户与实际卡牌逐张核对,unofficial_transcription_then_user_verified,user_verified_against_actual_cards,2026-07-27,用户原始明细；颜色由花色推导；类别按牌名结构化；未进行官方核验；核验状态不代表官方逐牌认证
sgs-mobile-20260725-056,sgs_mobile_non_special_20260725_unofficial,三国杀移动版,常规军争身份模式；排位2v2；斗地主；八人军争限时变体,2026-07-25时的版本,2026-07-25,雷杀,无,基本牌,♣,黑,5,1,sgs_basic_leisha,,,初始来源为非官方网络UP主转录；后经用户与实际卡牌逐张核对,unofficial_transcription_then_user_verified,user_verified_against_actual_cards,2026-07-27,用户原始明细；颜色由花色推导；类别按牌名结构化；未进行官方核验；核验状态不代表官方逐牌认证；卡面正式文本已由用户提供并确认（IN_GAME_CARD_TEXT_CONFIRMED，2026-08-09，移动版军争卡组/卡牌说明截图）
sgs-mobile-20260725-057,sgs_mobile_non_special_20260725_unofficial,三国杀移动版,常规军争身份模式；排位2v2；斗地主；八人军争限时变体,2026-07-25时的版本,2026-07-25,杀,无,基本牌,♣,黑,6,1,sgs_basic_sha,,,初始来源为非官方网络UP主转录；后经用户与实际卡牌逐张核对,unofficial_transcription_then_user_verified,user_verified_against_actual_cards,2026-07-27,用户原始明细；颜色由花色推导；类别按牌名结构化；未进行官方核验；核验状态不代表官方逐牌认证；卡面正式文本已由用户提供并确认（IN_GAME_CARD_TEXT_CONFIRMED，2026-08-09，移动版军争卡组/卡牌说明截图）
sgs-mobile-20260725-058,sgs_mobile_non_special_20260725_unofficial,三国杀移动版,常规军争身份模式；排位2v2；斗地主；八人军争限时变体,2026-07-25时的版本,2026-07-25,乐不思蜀,无,锦囊牌,♣,黑,6,1,sgs_delayed_lebusi,,,初始来源为非官方网络UP主转录；后经用户与实际卡牌逐张核对,unofficial_transcription_then_user_verified,user_verified_against_actual_cards,2026-07-27,用户原始明细；颜色由花色推导；类别按牌名结构化；未进行官方核验；核验状态不代表官方逐牌认证
sgs-mobile-20260725-059,sgs_mobile_non_special_20260725_unofficial,三国杀移动版,常规军争身份模式；排位2v2；斗地主；八人军争限时变体,2026-07-25时的版本,2026-07-25,雷杀,无,基本牌,♣,黑,6,1,sgs_basic_leisha,,,初始来源为非官方网络UP主转录；后经用户与实际卡牌逐张核对,unofficial_transcription_then_user_verified,user_verified_against_actual_cards,2026-07-27,用户原始明细；颜色由花色推导；类别按牌名结构化；未进行官方核验；核验状态不代表官方逐牌认证；卡面正式文本已由用户提供并确认（IN_GAME_CARD_TEXT_CONFIRMED，2026-08-09，移动版军争卡组/卡牌说明截图）
sgs-mobile-20260725-060,sgs_mobile_non_special_20260725_unofficial,三国杀移动版,常规军争身份模式；排位2v2；斗地主；八人军争限时变体,2026-07-25时的版本,2026-07-25,杀,无,基本牌,♣,黑,7,1,sgs_basic_sha,,,初始来源为非官方网络UP主转录；后经用户与实际卡牌逐张核对,unofficial_transcription_then_user_verified,user_verified_against_actual_cards,2026-07-27,用户原始明细；颜色由花色推导；类别按牌名结构化；未进行官方核验；核验状态不代表官方逐牌认证；卡面正式文本已由用户提供并确认（IN_GAME_CARD_TEXT_CONFIRMED，2026-08-09，移动版军争卡组/卡牌说明截图）
sgs-mobile-20260725-061,sgs_mobile_non_special_20260725_unofficial,三国杀移动版,常规军争身份模式；排位2v2；斗地主；八人军争限时变体,2026-07-25时的版本,2026-07-25,南蛮入侵,无,锦囊牌,♣,黑,7,1,sgs_trick_nanmanruqin,,,初始来源为非官方网络UP主转录；后经用户与实际卡牌逐张核对,unofficial_transcription_then_user_verified,user_verified_against_actual_cards,2026-07-27,用户原始明细；颜色由花色推导；类别按牌名结构化；未进行官方核验；核验状态不代表官方逐牌认证
sgs-mobile-20260725-062,sgs_mobile_non_special_20260725_unofficial,三国杀移动版,常规军争身份模式；排位2v2；斗地主；八人军争限时变体,2026-07-25时的版本,2026-07-25,雷杀,无,基本牌,♣,黑,7,1,sgs_basic_leisha,,,初始来源为非官方网络UP主转录；后经用户与实际卡牌逐张核对,unofficial_transcription_then_user_verified,user_verified_against_actual_cards,2026-07-27,用户原始明细；颜色由花色推导；类别按牌名结构化；未进行官方核验；核验状态不代表官方逐牌认证；卡面正式文本已由用户提供并确认（IN_GAME_CARD_TEXT_CONFIRMED，2026-08-09，移动版军争卡组/卡牌说明截图）
sgs-mobile-20260725-063,sgs_mobile_non_special_20260725_unofficial,三国杀移动版,常规军争身份模式；排位2v2；斗地主；八人军争限时变体,2026-07-25时的版本,2026-07-25,杀,无,基本牌,♣,黑,8,1,sgs_basic_sha,,,初始来源为非官方网络UP主转录；后经用户与实际卡牌逐张核对,unofficial_transcription_then_user_verified,user_verified_against_actual_cards,2026-07-27,用户原始明细；颜色由花色推导；类别按牌名结构化；未进行官方核验；核验状态不代表官方逐牌认证；卡面正式文本已由用户提供并确认（IN_GAME_CARD_TEXT_CONFIRMED，2026-08-09，移动版军争卡组/卡牌说明截图）
sgs-mobile-20260725-064,sgs_mobile_non_special_20260725_unofficial,三国杀移动版,常规军争身份模式；排位2v2；斗地主；八人军争限时变体,2026-07-25时的版本,2026-07-25,杀,无,基本牌,♣,黑,8,1,sgs_basic_sha,,,初始来源为非官方网络UP主转录；后经用户与实际卡牌逐张核对,unofficial_transcription_then_user_verified,user_verified_against_actual_cards,2026-07-27,用户原始明细；颜色由花色推导；类别按牌名结构化；未进行官方核验；核验状态不代表官方逐牌认证；卡面正式文本已由用户提供并确认（IN_GAME_CARD_TEXT_CONFIRMED，2026-08-09，移动版军争卡组/卡牌说明截图）
sgs-mobile-20260725-065,sgs_mobile_non_special_20260725_unofficial,三国杀移动版,常规军争身份模式；排位2v2；斗地主；八人军争限时变体,2026-07-25时的版本,2026-07-25,雷杀,无,基本牌,♣,黑,8,1,sgs_basic_leisha,,,初始来源为非官方网络UP主转录；后经用户与实际卡牌逐张核对,unofficial_transcription_then_user_verified,user_verified_against_actual_cards,2026-07-27,用户原始明细；颜色由花色推导；类别按牌名结构化；未进行官方核验；核验状态不代表官方逐牌认证；卡面正式文本已由用户提供并确认（IN_GAME_CARD_TEXT_CONFIRMED，2026-08-09，移动版军争卡组/卡牌说明截图）
sgs-mobile-20260725-066,sgs_mobile_non_special_20260725_unofficial,三国杀移动版,常规军争身份模式；排位2v2；斗地主；八人军争限时变体,2026-07-25时的版本,2026-07-25,杀,无,基本牌,♣,黑,9,1,sgs_basic_sha,,,初始来源为非官方网络UP主转录；后经用户与实际卡牌逐张核对,unofficial_transcription_then_user_verified,user_verified_against_actual_cards,2026-07-27,用户原始明细；颜色由花色推导；类别按牌名结构化；未进行官方核验；核验状态不代表官方逐牌认证；卡面正式文本已由用户提供并确认（IN_GAME_CARD_TEXT_CONFIRMED，2026-08-09，移动版军争卡组/卡牌说明截图）
sgs-mobile-20260725-067,sgs_mobile_non_special_20260725_unofficial,三国杀移动版,常规军争身份模式；排位2v2；斗地主；八人军争限时变体,2026-07-25时的版本,2026-07-25,杀,无,基本牌,♣,黑,9,1,sgs_basic_sha,,,初始来源为非官方网络UP主转录；后经用户与实际卡牌逐张核对,unofficial_transcription_then_user_verified,user_verified_against_actual_cards,2026-07-27,用户原始明细；颜色由花色推导；类别按牌名结构化；未进行官方核验；核验状态不代表官方逐牌认证；卡面正式文本已由用户提供并确认（IN_GAME_CARD_TEXT_CONFIRMED，2026-08-09，移动版军争卡组/卡牌说明截图）
sgs-mobile-20260725-068,sgs_mobile_non_special_20260725_unofficial,三国杀移动版,常规军争身份模式；排位2v2；斗地主；八人军争限时变体,2026-07-25时的版本,2026-07-25,酒,无,基本牌,♣,黑,9,1,sgs_basic_jiu,,,初始来源为非官方网络UP主转录；后经用户与实际卡牌逐张核对,unofficial_transcription_then_user_verified,user_verified_against_actual_cards,2026-07-27,用户原始明细；颜色由花色推导；类别按牌名结构化；未进行官方核验；核验状态不代表官方逐牌认证
sgs-mobile-20260725-069,sgs_mobile_non_special_20260725_unofficial,三国杀移动版,常规军争身份模式；排位2v2；斗地主；八人军争限时变体,2026-07-25时的版本,2026-07-25,杀,无,基本牌,♣,黑,10,1,sgs_basic_sha,,,初始来源为非官方网络UP主转录；后经用户与实际卡牌逐张核对,unofficial_transcription_then_user_verified,user_verified_against_actual_cards,2026-07-27,用户原始明细；颜色由花色推导；类别按牌名结构化；未进行官方核验；核验状态不代表官方逐牌认证；卡面正式文本已由用户提供并确认（IN_GAME_CARD_TEXT_CONFIRMED，2026-08-09，移动版军争卡组/卡牌说明截图）
sgs-mobile-20260725-070,sgs_mobile_non_special_20260725_unofficial,三国杀移动版,常规军争身份模式；排位2v2；斗地主；八人军争限时变体,2026-07-25时的版本,2026-07-25,杀,无,基本牌,♣,黑,10,1,sgs_basic_sha,,,初始来源为非官方网络UP主转录；后经用户与实际卡牌逐张核对,unofficial_transcription_then_user_verified,user_verified_against_actual_cards,2026-07-27,用户原始明细；颜色由花色推导；类别按牌名结构化；未进行官方核验；核验状态不代表官方逐牌认证；卡面正式文本已由用户提供并确认（IN_GAME_CARD_TEXT_CONFIRMED，2026-08-09，移动版军争卡组/卡牌说明截图）
sgs-mobile-20260725-071,sgs_mobile_non_special_20260725_unofficial,三国杀移动版,常规军争身份模式；排位2v2；斗地主；八人军争限时变体,2026-07-25时的版本,2026-07-25,铁索连环,无,锦囊牌,♣,黑,10,1,sgs_trick_tiesuolianhuan,,,初始来源为非官方网络UP主转录；后经用户与实际卡牌逐张核对,unofficial_transcription_then_user_verified,user_verified_against_actual_cards,2026-07-27,用户原始明细；颜色由花色推导；类别按牌名结构化；未进行官方核验；核验状态不代表官方逐牌认证
sgs-mobile-20260725-072,sgs_mobile_non_special_20260725_unofficial,三国杀移动版,常规军争身份模式；排位2v2；斗地主；八人军争限时变体,2026-07-25时的版本,2026-07-25,杀,无,基本牌,♣,黑,J,1,sgs_basic_sha,,,初始来源为非官方网络UP主转录；后经用户与实际卡牌逐张核对,unofficial_transcription_then_user_verified,user_verified_against_actual_cards,2026-07-27,用户原始明细；颜色由花色推导；类别按牌名结构化；未进行官方核验；核验状态不代表官方逐牌认证；卡面正式文本已由用户提供并确认（IN_GAME_CARD_TEXT_CONFIRMED，2026-08-09，移动版军争卡组/卡牌说明截图）
sgs-mobile-20260725-073,sgs_mobile_non_special_20260725_unofficial,三国杀移动版,常规军争身份模式；排位2v2；斗地主；八人军争限时变体,2026-07-25时的版本,2026-07-25,杀,无,基本牌,♣,黑,J,1,sgs_basic_sha,,,初始来源为非官方网络UP主转录；后经用户与实际卡牌逐张核对,unofficial_transcription_then_user_verified,user_verified_against_actual_cards,2026-07-27,用户原始明细；颜色由花色推导；类别按牌名结构化；未进行官方核验；核验状态不代表官方逐牌认证；卡面正式文本已由用户提供并确认（IN_GAME_CARD_TEXT_CONFIRMED，2026-08-09，移动版军争卡组/卡牌说明截图）
sgs-mobile-20260725-074,sgs_mobile_non_special_20260725_unofficial,三国杀移动版,常规军争身份模式；排位2v2；斗地主；八人军争限时变体,2026-07-25时的版本,2026-07-25,铁索连环,无,锦囊牌,♣,黑,J,1,sgs_trick_tiesuolianhuan,,,初始来源为非官方网络UP主转录；后经用户与实际卡牌逐张核对,unofficial_transcription_then_user_verified,user_verified_against_actual_cards,2026-07-27,用户原始明细；颜色由花色推导；类别按牌名结构化；未进行官方核验；核验状态不代表官方逐牌认证
sgs-mobile-20260725-075,sgs_mobile_non_special_20260725_unofficial,三国杀移动版,常规军争身份模式；排位2v2；斗地主；八人军争限时变体,2026-07-25时的版本,2026-07-25,借刀杀人,无,锦囊牌,♣,黑,Q,1,sgs_trick_jiedaosharen,,,初始来源为非官方网络UP主转录；后经用户与实际卡牌逐张核对,unofficial_transcription_then_user_verified,user_verified_against_actual_cards,2026-07-27,用户原始明细；颜色由花色推导；类别按牌名结构化；未进行官方核验；核验状态不代表官方逐牌认证
sgs-mobile-20260725-076,sgs_mobile_non_special_20260725_unofficial,三国杀移动版,常规军争身份模式；排位2v2；斗地主；八人军争限时变体,2026-07-25时的版本,2026-07-25,无懈可击,无,锦囊牌,♣,黑,Q,1,sgs_trick_wuxiekeji,,,初始来源为非官方网络UP主转录；后经用户与实际卡牌逐张核对,unofficial_transcription_then_user_verified,user_verified_against_actual_cards,2026-07-27,用户原始明细；颜色由花色推导；类别按牌名结构化；未进行官方核验；核验状态不代表官方逐牌认证
sgs-mobile-20260725-077,sgs_mobile_non_special_20260725_unofficial,三国杀移动版,常规军争身份模式；排位2v2；斗地主；八人军争限时变体,2026-07-25时的版本,2026-07-25,铁索连环,无,锦囊牌,♣,黑,Q,1,sgs_trick_tiesuolianhuan,,,初始来源为非官方网络UP主转录；后经用户与实际卡牌逐张核对,unofficial_transcription_then_user_verified,user_verified_against_actual_cards,2026-07-27,用户原始明细；颜色由花色推导；类别按牌名结构化；未进行官方核验；核验状态不代表官方逐牌认证
sgs-mobile-20260725-078,sgs_mobile_non_special_20260725_unofficial,三国杀移动版,常规军争身份模式；排位2v2；斗地主；八人军争限时变体,2026-07-25时的版本,2026-07-25,借刀杀人,无,锦囊牌,♣,黑,K,1,sgs_trick_jiedaosharen,,,初始来源为非官方网络UP主转录；后经用户与实际卡牌逐张核对,unofficial_transcription_then_user_verified,user_verified_against_actual_cards,2026-07-27,用户原始明细；颜色由花色推导；类别按牌名结构化；未进行官方核验；核验状态不代表官方逐牌认证
sgs-mobile-20260725-079,sgs_mobile_non_special_20260725_unofficial,三国杀移动版,常规军争身份模式；排位2v2；斗地主；八人军争限时变体,2026-07-25时的版本,2026-07-25,无懈可击,无,锦囊牌,♣,黑,K,1,sgs_trick_wuxiekeji,,,初始来源为非官方网络UP主转录；后经用户与实际卡牌逐张核对,unofficial_transcription_then_user_verified,user_verified_against_actual_cards,2026-07-27,用户原始明细；颜色由花色推导；类别按牌名结构化；未进行官方核验；核验状态不代表官方逐牌认证
sgs-mobile-20260725-080,sgs_mobile_non_special_20260725_unofficial,三国杀移动版,常规军争身份模式；排位2v2；斗地主；八人军争限时变体,2026-07-25时的版本,2026-07-25,铁索连环,无,锦囊牌,♣,黑,K,1,sgs_trick_tiesuolianhuan,,,初始来源为非官方网络UP主转录；后经用户与实际卡牌逐张核对,unofficial_transcription_then_user_verified,user_verified_against_actual_cards,2026-07-27,用户原始明细；颜色由花色推导；类别按牌名结构化；未进行官方核验；核验状态不代表官方逐牌认证
sgs-mobile-20260725-081,sgs_mobile_non_special_20260725_unofficial,三国杀移动版,常规军争身份模式；排位2v2；斗地主；八人军争限时变体,2026-07-25时的版本,2026-07-25,桃园结义,无,锦囊牌,♥,红,A,1,sgs_trick_taoyuanjieyi,,,初始来源为非官方网络UP主转录；后经用户与实际卡牌逐张核对,unofficial_transcription_then_user_verified,user_verified_against_actual_cards,2026-07-27,用户原始明细；颜色由花色推导；类别按牌名结构化；未进行官方核验；核验状态不代表官方逐牌认证；卡面正式文本已由用户提供并确认（IN_GAME_CARD_TEXT_CONFIRMED，2026-08-09，移动版军争卡组/卡牌说明截图）
sgs-mobile-20260725-082,sgs_mobile_non_special_20260725_unofficial,三国杀移动版,常规军争身份模式；排位2v2；斗地主；八人军争限时变体,2026-07-25时的版本,2026-07-25,万箭齐发,无,锦囊牌,♥,红,A,1,sgs_trick_wanjianqifa,,,初始来源为非官方网络UP主转录；后经用户与实际卡牌逐张核对,unofficial_transcription_then_user_verified,user_verified_against_actual_cards,2026-07-27,用户原始明细；颜色由花色推导；类别按牌名结构化；未进行官方核验；核验状态不代表官方逐牌认证
sgs-mobile-20260725-083,sgs_mobile_non_special_20260725_unofficial,三国杀移动版,常规军争身份模式；排位2v2；斗地主；八人军争限时变体,2026-07-25时的版本,2026-07-25,无懈可击,无,锦囊牌,♥,红,A,1,sgs_trick_wuxiekeji,,,初始来源为非官方网络UP主转录；后经用户与实际卡牌逐张核对,unofficial_transcription_then_user_verified,user_verified_against_actual_cards,2026-07-27,用户原始明细；颜色由花色推导；类别按牌名结构化；未进行官方核验；核验状态不代表官方逐牌认证
sgs-mobile-20260725-084,sgs_mobile_non_special_20260725_unofficial,三国杀移动版,常规军争身份模式；排位2v2；斗地主；八人军争限时变体,2026-07-25时的版本,2026-07-25,闪,无,基本牌,♥,红,2,1,sgs_basic_shan,,,初始来源为非官方网络UP主转录；后经用户与实际卡牌逐张核对,unofficial_transcription_then_user_verified,user_verified_against_actual_cards,2026-07-27,用户原始明细；颜色由花色推导；类别按牌名结构化；未进行官方核验；核验状态不代表官方逐牌认证
sgs-mobile-20260725-085,sgs_mobile_non_special_20260725_unofficial,三国杀移动版,常规军争身份模式；排位2v2；斗地主；八人军争限时变体,2026-07-25时的版本,2026-07-25,闪,无,基本牌,♥,红,2,1,sgs_basic_shan,,,初始来源为非官方网络UP主转录；后经用户与实际卡牌逐张核对,unofficial_transcription_then_user_verified,user_verified_against_actual_cards,2026-07-27,用户原始明细；颜色由花色推导；类别按牌名结构化；未进行官方核验；核验状态不代表官方逐牌认证
sgs-mobile-20260725-086,sgs_mobile_non_special_20260725_unofficial,三国杀移动版,常规军争身份模式；排位2v2；斗地主；八人军争限时变体,2026-07-25时的版本,2026-07-25,火攻,无,锦囊牌,♥,红,2,1,sgs_trick_huogong,,,初始来源为非官方网络UP主转录；后经用户与实际卡牌逐张核对,unofficial_transcription_then_user_verified,user_verified_against_actual_cards,2026-07-27,用户原始明细；颜色由花色推导；类别按牌名结构化；未进行官方核验；核验状态不代表官方逐牌认证
sgs-mobile-20260725-087,sgs_mobile_non_special_20260725_unofficial,三国杀移动版,常规军争身份模式；排位2v2；斗地主；八人军争限时变体,2026-07-25时的版本,2026-07-25,桃,无,基本牌,♥,红,3,1,sgs_basic_tao,,,初始来源为非官方网络UP主转录；后经用户与实际卡牌逐张核对,unofficial_transcription_then_user_verified,user_verified_against_actual_cards,2026-07-27,用户原始明细；颜色由花色推导；类别按牌名结构化；未进行官方核验；核验状态不代表官方逐牌认证
sgs-mobile-20260725-088,sgs_mobile_non_special_20260725_unofficial,三国杀移动版,常规军争身份模式；排位2v2；斗地主；八人军争限时变体,2026-07-25时的版本,2026-07-25,五谷丰登,无,锦囊牌,♥,红,3,1,sgs_trick_wugufengdeng,,,初始来源为非官方网络UP主转录；后经用户与实际卡牌逐张核对,unofficial_transcription_then_user_verified,user_verified_against_actual_cards,2026-07-27,用户原始明细；颜色由花色推导；类别按牌名结构化；未进行官方核验；核验状态不代表官方逐牌认证
sgs-mobile-20260725-089,sgs_mobile_non_special_20260725_unofficial,三国杀移动版,常规军争身份模式；排位2v2；斗地主；八人军争限时变体,2026-07-25时的版本,2026-07-25,火攻,无,锦囊牌,♥,红,3,1,sgs_trick_huogong,,,初始来源为非官方网络UP主转录；后经用户与实际卡牌逐张核对,unofficial_transcription_then_user_verified,user_verified_against_actual_cards,2026-07-27,用户原始明细；颜色由花色推导；类别按牌名结构化；未进行官方核验；核验状态不代表官方逐牌认证
sgs-mobile-20260725-090,sgs_mobile_non_special_20260725_unofficial,三国杀移动版,常规军争身份模式；排位2v2；斗地主；八人军争限时变体,2026-07-25时的版本,2026-07-25,桃,无,基本牌,♥,红,4,1,sgs_basic_tao,,,初始来源为非官方网络UP主转录；后经用户与实际卡牌逐张核对,unofficial_transcription_then_user_verified,user_verified_against_actual_cards,2026-07-27,用户原始明细；颜色由花色推导；类别按牌名结构化；未进行官方核验；核验状态不代表官方逐牌认证
sgs-mobile-20260725-091,sgs_mobile_non_special_20260725_unofficial,三国杀移动版,常规军争身份模式；排位2v2；斗地主；八人军争限时变体,2026-07-25时的版本,2026-07-25,五谷丰登,无,锦囊牌,♥,红,4,1,sgs_trick_wugufengdeng,,,初始来源为非官方网络UP主转录；后经用户与实际卡牌逐张核对,unofficial_transcription_then_user_verified,user_verified_against_actual_cards,2026-07-27,用户原始明细；颜色由花色推导；类别按牌名结构化；未进行官方核验；核验状态不代表官方逐牌认证
sgs-mobile-20260725-092,sgs_mobile_non_special_20260725_unofficial,三国杀移动版,常规军争身份模式；排位2v2；斗地主；八人军争限时变体,2026-07-25时的版本,2026-07-25,火杀,无,基本牌,♥,红,4,1,sgs_basic_huosha,,,初始来源为非官方网络UP主转录；后经用户与实际卡牌逐张核对,unofficial_transcription_then_user_verified,user_verified_against_actual_cards,2026-07-27,用户原始明细；颜色由花色推导；类别按牌名结构化；未进行官方核验；核验状态不代表官方逐牌认证；卡面正式文本已由用户提供并确认（IN_GAME_CARD_TEXT_CONFIRMED，2026-08-09，移动版军争卡组/卡牌说明截图）
sgs-mobile-20260725-093,sgs_mobile_non_special_20260725_unofficial,三国杀移动版,常规军争身份模式；排位2v2；斗地主；八人军争限时变体,2026-07-25时的版本,2026-07-25,麒麟弓,无,装备牌,♥,红,5,1,sgs_weapon_qilingong,weapon,,初始来源为非官方网络UP主转录；后经用户与实际卡牌逐张核对,unofficial_transcription_then_user_verified,user_verified_against_actual_cards,2026-07-27,用户原始明细；颜色由花色推导；类别按牌名结构化；未进行官方核验；核验状态不代表官方逐牌认证；卡面正式文本已由用户提供并确认（IN_GAME_CARD_TEXT_CONFIRMED，2026-08-08，移动版）
sgs-mobile-20260725-094,sgs_mobile_non_special_20260725_unofficial,三国杀移动版,常规军争身份模式；排位2v2；斗地主；八人军争限时变体,2026-07-25时的版本,2026-07-25,赤兔,无,装备牌,♥,红,5,1,sgs_mount_offensive,attack_horse,-1,初始来源为非官方网络UP主转录；后经用户与实际卡牌逐张核对,unofficial_transcription_then_user_verified,user_verified_against_actual_cards,2026-07-27,用户原始明细；颜色由花色推导；类别按牌名结构化；未进行官方核验；核验状态不代表官方逐牌认证
sgs-mobile-20260725-095,sgs_mobile_non_special_20260725_unofficial,三国杀移动版,常规军争身份模式；排位2v2；斗地主；八人军争限时变体,2026-07-25时的版本,2026-07-25,桃,无,基本牌,♥,红,5,1,sgs_basic_tao,,,初始来源为非官方网络UP主转录；后经用户与实际卡牌逐张核对,unofficial_transcription_then_user_verified,user_verified_against_actual_cards,2026-07-27,用户原始明细；颜色由花色推导；类别按牌名结构化；未进行官方核验；核验状态不代表官方逐牌认证
sgs-mobile-20260725-096,sgs_mobile_non_special_20260725_unofficial,三国杀移动版,常规军争身份模式；排位2v2；斗地主；八人军争限时变体,2026-07-25时的版本,2026-07-25,桃,无,基本牌,♥,红,6,1,sgs_basic_tao,,,初始来源为非官方网络UP主转录；后经用户与实际卡牌逐张核对,unofficial_transcription_then_user_verified,user_verified_against_actual_cards,2026-07-27,用户原始明细；颜色由花色推导；类别按牌名结构化；未进行官方核验；核验状态不代表官方逐牌认证
sgs-mobile-20260725-097,sgs_mobile_non_special_20260725_unofficial,三国杀移动版,常规军争身份模式；排位2v2；斗地主；八人军争限时变体,2026-07-25时的版本,2026-07-25,桃,无,基本牌,♥,红,6,1,sgs_basic_tao,,,初始来源为非官方网络UP主转录；后经用户与实际卡牌逐张核对,unofficial_transcription_then_user_verified,user_verified_against_actual_cards,2026-07-27,用户原始明细；颜色由花色推导；类别按牌名结构化；未进行官方核验；核验状态不代表官方逐牌认证
sgs-mobile-20260725-098,sgs_mobile_non_special_20260725_unofficial,三国杀移动版,常规军争身份模式；排位2v2；斗地主；八人军争限时变体,2026-07-25时的版本,2026-07-25,乐不思蜀,无,锦囊牌,♥,红,6,1,sgs_delayed_lebusi,,,初始来源为非官方网络UP主转录；后经用户与实际卡牌逐张核对,unofficial_transcription_then_user_verified,user_verified_against_actual_cards,2026-07-27,用户原始明细；颜色由花色推导；类别按牌名结构化；未进行官方核验；核验状态不代表官方逐牌认证
sgs-mobile-20260725-099,sgs_mobile_non_special_20260725_unofficial,三国杀移动版,常规军争身份模式；排位2v2；斗地主；八人军争限时变体,2026-07-25时的版本,2026-07-25,桃,无,基本牌,♥,红,7,1,sgs_basic_tao,,,初始来源为非官方网络UP主转录；后经用户与实际卡牌逐张核对,unofficial_transcription_then_user_verified,user_verified_against_actual_cards,2026-07-27,用户原始明细；颜色由花色推导；类别按牌名结构化；未进行官方核验；核验状态不代表官方逐牌认证
sgs-mobile-20260725-100,sgs_mobile_non_special_20260725_unofficial,三国杀移动版,常规军争身份模式；排位2v2；斗地主；八人军争限时变体,2026-07-25时的版本,2026-07-25,无中生有,无,锦囊牌,♥,红,7,1,sgs_trick_wuzhongshengyou,,,初始来源为非官方网络UP主转录；后经用户与实际卡牌逐张核对,unofficial_transcription_then_user_verified,user_verified_against_actual_cards,2026-07-27,用户原始明细；颜色由花色推导；类别按牌名结构化；未进行官方核验；核验状态不代表官方逐牌认证；卡面正式文本已由用户提供并确认（IN_GAME_CARD_TEXT_CONFIRMED，2026-08-09，移动版军争卡组/卡牌说明截图）
sgs-mobile-20260725-101,sgs_mobile_non_special_20260725_unofficial,三国杀移动版,常规军争身份模式；排位2v2；斗地主；八人军争限时变体,2026-07-25时的版本,2026-07-25,火杀,无,基本牌,♥,红,7,1,sgs_basic_huosha,,,初始来源为非官方网络UP主转录；后经用户与实际卡牌逐张核对,unofficial_transcription_then_user_verified,user_verified_against_actual_cards,2026-07-27,用户原始明细；颜色由花色推导；类别按牌名结构化；未进行官方核验；核验状态不代表官方逐牌认证；卡面正式文本已由用户提供并确认（IN_GAME_CARD_TEXT_CONFIRMED，2026-08-09，移动版军争卡组/卡牌说明截图）
sgs-mobile-20260725-102,sgs_mobile_non_special_20260725_unofficial,三国杀移动版,常规军争身份模式；排位2v2；斗地主；八人军争限时变体,2026-07-25时的版本,2026-07-25,桃,无,基本牌,♥,红,8,1,sgs_basic_tao,,,初始来源为非官方网络UP主转录；后经用户与实际卡牌逐张核对,unofficial_transcription_then_user_verified,user_verified_against_actual_cards,2026-07-27,用户原始明细；颜色由花色推导；类别按牌名结构化；未进行官方核验；核验状态不代表官方逐牌认证
sgs-mobile-20260725-103,sgs_mobile_non_special_20260725_unofficial,三国杀移动版,常规军争身份模式；排位2v2；斗地主；八人军争限时变体,2026-07-25时的版本,2026-07-25,无中生有,无,锦囊牌,♥,红,8,1,sgs_trick_wuzhongshengyou,,,初始来源为非官方网络UP主转录；后经用户与实际卡牌逐张核对,unofficial_transcription_then_user_verified,user_verified_against_actual_cards,2026-07-27,用户原始明细；颜色由花色推导；类别按牌名结构化；未进行官方核验；核验状态不代表官方逐牌认证；卡面正式文本已由用户提供并确认（IN_GAME_CARD_TEXT_CONFIRMED，2026-08-09，移动版军争卡组/卡牌说明截图）
sgs-mobile-20260725-104,sgs_mobile_non_special_20260725_unofficial,三国杀移动版,常规军争身份模式；排位2v2；斗地主；八人军争限时变体,2026-07-25时的版本,2026-07-25,闪,无,基本牌,♥,红,8,1,sgs_basic_shan,,,初始来源为非官方网络UP主转录；后经用户与实际卡牌逐张核对,unofficial_transcription_then_user_verified,user_verified_against_actual_cards,2026-07-27,用户原始明细；颜色由花色推导；类别按牌名结构化；未进行官方核验；核验状态不代表官方逐牌认证
sgs-mobile-20260725-105,sgs_mobile_non_special_20260725_unofficial,三国杀移动版,常规军争身份模式；排位2v2；斗地主；八人军争限时变体,2026-07-25时的版本,2026-07-25,桃,无,基本牌,♥,红,9,1,sgs_basic_tao,,,初始来源为非官方网络UP主转录；后经用户与实际卡牌逐张核对,unofficial_transcription_then_user_verified,user_verified_against_actual_cards,2026-07-27,用户原始明细；颜色由花色推导；类别按牌名结构化；未进行官方核验；核验状态不代表官方逐牌认证
sgs-mobile-20260725-106,sgs_mobile_non_special_20260725_unofficial,三国杀移动版,常规军争身份模式；排位2v2；斗地主；八人军争限时变体,2026-07-25时的版本,2026-07-25,无中生有,无,锦囊牌,♥,红,9,1,sgs_trick_wuzhongshengyou,,,初始来源为非官方网络UP主转录；后经用户与实际卡牌逐张核对,unofficial_transcription_then_user_verified,user_verified_against_actual_cards,2026-07-27,用户原始明细；颜色由花色推导；类别按牌名结构化；未进行官方核验；核验状态不代表官方逐牌认证；卡面正式文本已由用户提供并确认（IN_GAME_CARD_TEXT_CONFIRMED，2026-08-09，移动版军争卡组/卡牌说明截图）
sgs-mobile-20260725-107,sgs_mobile_non_special_20260725_unofficial,三国杀移动版,常规军争身份模式；排位2v2；斗地主；八人军争限时变体,2026-07-25时的版本,2026-07-25,闪,无,基本牌,♥,红,9,1,sgs_basic_shan,,,初始来源为非官方网络UP主转录；后经用户与实际卡牌逐张核对,unofficial_transcription_then_user_verified,user_verified_against_actual_cards,2026-07-27,用户原始明细；颜色由花色推导；类别按牌名结构化；未进行官方核验；核验状态不代表官方逐牌认证
sgs-mobile-20260725-108,sgs_mobile_non_special_20260725_unofficial,三国杀移动版,常规军争身份模式；排位2v2；斗地主；八人军争限时变体,2026-07-25时的版本,2026-07-25,杀,无,基本牌,♥,红,10,1,sgs_basic_sha,,,初始来源为非官方网络UP主转录；后经用户与实际卡牌逐张核对,unofficial_transcription_then_user_verified,user_verified_against_actual_cards,2026-07-27,用户原始明细；颜色由花色推导；类别按牌名结构化；未进行官方核验；核验状态不代表官方逐牌认证；卡面正式文本已由用户提供并确认（IN_GAME_CARD_TEXT_CONFIRMED，2026-08-09，移动版军争卡组/卡牌说明截图）
sgs-mobile-20260725-109,sgs_mobile_non_special_20260725_unofficial,三国杀移动版,常规军争身份模式；排位2v2；斗地主；八人军争限时变体,2026-07-25时的版本,2026-07-25,杀,无,基本牌,♥,红,10,1,sgs_basic_sha,,,初始来源为非官方网络UP主转录；后经用户与实际卡牌逐张核对,unofficial_transcription_then_user_verified,user_verified_against_actual_cards,2026-07-27,用户原始明细；颜色由花色推导；类别按牌名结构化；未进行官方核验；核验状态不代表官方逐牌认证；卡面正式文本已由用户提供并确认（IN_GAME_CARD_TEXT_CONFIRMED，2026-08-09，移动版军争卡组/卡牌说明截图）
sgs-mobile-20260725-110,sgs_mobile_non_special_20260725_unofficial,三国杀移动版,常规军争身份模式；排位2v2；斗地主；八人军争限时变体,2026-07-25时的版本,2026-07-25,火杀,无,基本牌,♥,红,10,1,sgs_basic_huosha,,,初始来源为非官方网络UP主转录；后经用户与实际卡牌逐张核对,unofficial_transcription_then_user_verified,user_verified_against_actual_cards,2026-07-27,用户原始明细；颜色由花色推导；类别按牌名结构化；未进行官方核验；核验状态不代表官方逐牌认证；卡面正式文本已由用户提供并确认（IN_GAME_CARD_TEXT_CONFIRMED，2026-08-09，移动版军争卡组/卡牌说明截图）
sgs-mobile-20260725-111,sgs_mobile_non_special_20260725_unofficial,三国杀移动版,常规军争身份模式；排位2v2；斗地主；八人军争限时变体,2026-07-25时的版本,2026-07-25,杀,无,基本牌,♥,红,J,1,sgs_basic_sha,,,初始来源为非官方网络UP主转录；后经用户与实际卡牌逐张核对,unofficial_transcription_then_user_verified,user_verified_against_actual_cards,2026-07-27,用户原始明细；颜色由花色推导；类别按牌名结构化；未进行官方核验；核验状态不代表官方逐牌认证；卡面正式文本已由用户提供并确认（IN_GAME_CARD_TEXT_CONFIRMED，2026-08-09，移动版军争卡组/卡牌说明截图）
sgs-mobile-20260725-112,sgs_mobile_non_special_20260725_unofficial,三国杀移动版,常规军争身份模式；排位2v2；斗地主；八人军争限时变体,2026-07-25时的版本,2026-07-25,无中生有,无,锦囊牌,♥,红,J,1,sgs_trick_wuzhongshengyou,,,初始来源为非官方网络UP主转录；后经用户与实际卡牌逐张核对,unofficial_transcription_then_user_verified,user_verified_against_actual_cards,2026-07-27,用户原始明细；颜色由花色推导；类别按牌名结构化；未进行官方核验；核验状态不代表官方逐牌认证；卡面正式文本已由用户提供并确认（IN_GAME_CARD_TEXT_CONFIRMED，2026-08-09，移动版军争卡组/卡牌说明截图）
sgs-mobile-20260725-113,sgs_mobile_non_special_20260725_unofficial,三国杀移动版,常规军争身份模式；排位2v2；斗地主；八人军争限时变体,2026-07-25时的版本,2026-07-25,闪,无,基本牌,♥,红,J,1,sgs_basic_shan,,,初始来源为非官方网络UP主转录；后经用户与实际卡牌逐张核对,unofficial_transcription_then_user_verified,user_verified_against_actual_cards,2026-07-27,用户原始明细；颜色由花色推导；类别按牌名结构化；未进行官方核验；核验状态不代表官方逐牌认证
sgs-mobile-20260725-114,sgs_mobile_non_special_20260725_unofficial,三国杀移动版,常规军争身份模式；排位2v2；斗地主；八人军争限时变体,2026-07-25时的版本,2026-07-25,桃,无,基本牌,♥,红,Q,1,sgs_basic_tao,,,初始来源为非官方网络UP主转录；后经用户与实际卡牌逐张核对,unofficial_transcription_then_user_verified,user_verified_against_actual_cards,2026-07-27,用户原始明细；颜色由花色推导；类别按牌名结构化；未进行官方核验；核验状态不代表官方逐牌认证
sgs-mobile-20260725-115,sgs_mobile_non_special_20260725_unofficial,三国杀移动版,常规军争身份模式；排位2v2；斗地主；八人军争限时变体,2026-07-25时的版本,2026-07-25,过河拆桥,无,锦囊牌,♥,红,Q,1,sgs_trick_guohechaiqiao,,,初始来源为非官方网络UP主转录；后经用户与实际卡牌逐张核对,unofficial_transcription_then_user_verified,user_verified_against_actual_cards,2026-07-27,用户原始明细；颜色由花色推导；类别按牌名结构化；未进行官方核验；核验状态不代表官方逐牌认证；卡面正式文本已由用户提供并确认（IN_GAME_CARD_TEXT_CONFIRMED，2026-08-09，移动版军争卡组/卡牌说明截图）
sgs-mobile-20260725-116,sgs_mobile_non_special_20260725_unofficial,三国杀移动版,常规军争身份模式；排位2v2；斗地主；八人军争限时变体,2026-07-25时的版本,2026-07-25,闪,无,基本牌,♥,红,Q,1,sgs_basic_shan,,,初始来源为非官方网络UP主转录；后经用户与实际卡牌逐张核对,unofficial_transcription_then_user_verified,user_verified_against_actual_cards,2026-07-27,用户原始明细；颜色由花色推导；类别按牌名结构化；未进行官方核验；核验状态不代表官方逐牌认证
sgs-mobile-20260725-117,sgs_mobile_non_special_20260725_unofficial,三国杀移动版,常规军争身份模式；排位2v2；斗地主；八人军争限时变体,2026-07-25时的版本,2026-07-25,闪电,EX扩展,锦囊牌,♥,红,Q,1,sgs_delayed_shandian,,,初始来源为非官方网络UP主转录；后经用户与实际卡牌逐张核对,unofficial_transcription_then_user_verified,user_verified_against_actual_cards,2026-07-27,用户补充确认：EX扩展牌，点数同上一行；本牌堆正常包含；颜色由花色推导；类别按牌名结构化；未进行官方核验；核验状态不代表官方逐牌认证
sgs-mobile-20260725-118,sgs_mobile_non_special_20260725_unofficial,三国杀移动版,常规军争身份模式；排位2v2；斗地主；八人军争限时变体,2026-07-25时的版本,2026-07-25,闪,无,基本牌,♥,红,K,1,sgs_basic_shan,,,初始来源为非官方网络UP主转录；后经用户与实际卡牌逐张核对,unofficial_transcription_then_user_verified,user_verified_against_actual_cards,2026-07-27,用户原始明细；颜色由花色推导；类别按牌名结构化；未进行官方核验；核验状态不代表官方逐牌认证
sgs-mobile-20260725-119,sgs_mobile_non_special_20260725_unofficial,三国杀移动版,常规军争身份模式；排位2v2；斗地主；八人军争限时变体,2026-07-25时的版本,2026-07-25,爪黄飞电,无,装备牌,♥,红,K,1,sgs_mount_defensive,defense_horse,+1,初始来源为非官方网络UP主转录；后经用户与实际卡牌逐张核对,unofficial_transcription_then_user_verified,user_verified_against_actual_cards,2026-07-27,用户原始明细；颜色由花色推导；类别按牌名结构化；未进行官方核验；核验状态不代表官方逐牌认证
sgs-mobile-20260725-120,sgs_mobile_non_special_20260725_unofficial,三国杀移动版,常规军争身份模式；排位2v2；斗地主；八人军争限时变体,2026-07-25时的版本,2026-07-25,无懈可击,无,锦囊牌,♥,红,K,1,sgs_trick_wuxiekeji,,,初始来源为非官方网络UP主转录；后经用户与实际卡牌逐张核对,unofficial_transcription_then_user_verified,user_verified_against_actual_cards,2026-07-27,用户原始明细；颜色由花色推导；类别按牌名结构化；未进行官方核验；核验状态不代表官方逐牌认证
sgs-mobile-20260725-121,sgs_mobile_non_special_20260725_unofficial,三国杀移动版,常规军争身份模式；排位2v2；斗地主；八人军争限时变体,2026-07-25时的版本,2026-07-25,决斗,无,锦囊牌,♠,黑,A,1,sgs_trick_juedou,,,初始来源为非官方网络UP主转录；后经用户与实际卡牌逐张核对,unofficial_transcription_then_user_verified,user_verified_against_actual_cards,2026-07-27,用户原始明细；颜色由花色推导；类别按牌名结构化；未进行官方核验；核验状态不代表官方逐牌认证；卡面正式文本已由用户提供并确认（IN_GAME_CARD_TEXT_CONFIRMED，2026-08-09，移动版军争卡组/卡牌说明截图）；用户移动版决斗实际牌局记录确认：目标先响应、双方交替打出【杀】、普通/火/雷杀均可满足“打出一张【杀】”（USER_CONFIRMED_MOBILE_RULE，2026-08-09）
sgs-mobile-20260725-122,sgs_mobile_non_special_20260725_unofficial,三国杀移动版,常规军争身份模式；排位2v2；斗地主；八人军争限时变体,2026-07-25时的版本,2026-07-25,闪电,无,锦囊牌,♠,黑,A,1,sgs_delayed_shandian,,,初始来源为非官方网络UP主转录；后经用户与实际卡牌逐张核对,unofficial_transcription_then_user_verified,user_verified_against_actual_cards,2026-07-27,用户原始明细；颜色由花色推导；类别按牌名结构化；未进行官方核验；核验状态不代表官方逐牌认证
sgs-mobile-20260725-123,sgs_mobile_non_special_20260725_unofficial,三国杀移动版,常规军争身份模式；排位2v2；斗地主；八人军争限时变体,2026-07-25时的版本,2026-07-25,古锭刀,无,装备牌,♠,黑,A,1,sgs_weapon_gudingdao,weapon,,初始来源为非官方网络UP主转录；后经用户与实际卡牌逐张核对,unofficial_transcription_then_user_verified,user_verified_against_actual_cards,2026-07-27,用户原始明细；颜色由花色推导；类别按牌名结构化；未进行官方核验；核验状态不代表官方逐牌认证
sgs-mobile-20260725-124,sgs_mobile_non_special_20260725_unofficial,三国杀移动版,常规军争身份模式；排位2v2；斗地主；八人军争限时变体,2026-07-25时的版本,2026-07-25,雌雄双股剑,无,装备牌,♠,黑,2,1,sgs_weapon_cixiongshuanggujian,weapon,,初始来源为非官方网络UP主转录；后经用户与实际卡牌逐张核对,unofficial_transcription_then_user_verified,user_verified_against_actual_cards,2026-07-27,用户原始明细；颜色由花色推导；类别按牌名结构化；未进行官方核验；核验状态不代表官方逐牌认证
sgs-mobile-20260725-125,sgs_mobile_non_special_20260725_unofficial,三国杀移动版,常规军争身份模式；排位2v2；斗地主；八人军争限时变体,2026-07-25时的版本,2026-07-25,八卦阵,无,装备牌,♠,黑,2,1,sgs_armor_baguazhen,armor,,初始来源为非官方网络UP主转录；后经用户与实际卡牌逐张核对,unofficial_transcription_then_user_verified,user_verified_against_actual_cards,2026-07-27,用户原始明细；颜色由花色推导；类别按牌名结构化；未进行官方核验；核验状态不代表官方逐牌认证
sgs-mobile-20260725-126,sgs_mobile_non_special_20260725_unofficial,三国杀移动版,常规军争身份模式；排位2v2；斗地主；八人军争限时变体,2026-07-25时的版本,2026-07-25,藤甲,无,装备牌,♠,黑,2,1,sgs_armor_tengjia,armor,,初始来源为非官方网络UP主转录；后经用户与实际卡牌逐张核对,unofficial_transcription_then_user_verified,user_verified_against_actual_cards,2026-07-27,用户原始明细；颜色由花色推导；类别按牌名结构化；未进行官方核验；核验状态不代表官方逐牌认证
sgs-mobile-20260725-127,sgs_mobile_non_special_20260725_unofficial,三国杀移动版,常规军争身份模式；排位2v2；斗地主；八人军争限时变体,2026-07-25时的版本,2026-07-25,寒冰剑,EX扩展,装备牌,♠,黑,2,1,sgs_weapon_hanbingjian,weapon,,初始来源为非官方网络UP主转录；后经用户与实际卡牌逐张核对,unofficial_transcription_then_user_verified,user_verified_against_actual_cards,2026-07-27,用户补充确认：EX扩展牌，点数同上一行；本牌堆正常包含；颜色由花色推导；类别按牌名结构化；未进行官方核验；核验状态不代表官方逐牌认证
sgs-mobile-20260725-128,sgs_mobile_non_special_20260725_unofficial,三国杀移动版,常规军争身份模式；排位2v2；斗地主；八人军争限时变体,2026-07-25时的版本,2026-07-25,过河拆桥,无,锦囊牌,♠,黑,3,1,sgs_trick_guohechaiqiao,,,初始来源为非官方网络UP主转录；后经用户与实际卡牌逐张核对,unofficial_transcription_then_user_verified,user_verified_against_actual_cards,2026-07-27,用户原始明细；颜色由花色推导；类别按牌名结构化；未进行官方核验；核验状态不代表官方逐牌认证；卡面正式文本已由用户提供并确认（IN_GAME_CARD_TEXT_CONFIRMED，2026-08-09，移动版军争卡组/卡牌说明截图）
sgs-mobile-20260725-129,sgs_mobile_non_special_20260725_unofficial,三国杀移动版,常规军争身份模式；排位2v2；斗地主；八人军争限时变体,2026-07-25时的版本,2026-07-25,顺手牵羊,无,锦囊牌,♠,黑,3,1,sgs_trick_shunshouqianyang,,,初始来源为非官方网络UP主转录；后经用户与实际卡牌逐张核对,unofficial_transcription_then_user_verified,user_verified_against_actual_cards,2026-07-27,用户原始明细；颜色由花色推导；类别按牌名结构化；未进行官方核验；核验状态不代表官方逐牌认证
sgs-mobile-20260725-130,sgs_mobile_non_special_20260725_unofficial,三国杀移动版,常规军争身份模式；排位2v2；斗地主；八人军争限时变体,2026-07-25时的版本,2026-07-25,酒,无,基本牌,♠,黑,3,1,sgs_basic_jiu,,,初始来源为非官方网络UP主转录；后经用户与实际卡牌逐张核对,unofficial_transcription_then_user_verified,user_verified_against_actual_cards,2026-07-27,用户原始明细；颜色由花色推导；类别按牌名结构化；未进行官方核验；核验状态不代表官方逐牌认证
sgs-mobile-20260725-131,sgs_mobile_non_special_20260725_unofficial,三国杀移动版,常规军争身份模式；排位2v2；斗地主；八人军争限时变体,2026-07-25时的版本,2026-07-25,过河拆桥,无,锦囊牌,♠,黑,4,1,sgs_trick_guohechaiqiao,,,初始来源为非官方网络UP主转录；后经用户与实际卡牌逐张核对,unofficial_transcription_then_user_verified,user_verified_against_actual_cards,2026-07-27,用户原始明细；颜色由花色推导；类别按牌名结构化；未进行官方核验；核验状态不代表官方逐牌认证；卡面正式文本已由用户提供并确认（IN_GAME_CARD_TEXT_CONFIRMED，2026-08-09，移动版军争卡组/卡牌说明截图）
sgs-mobile-20260725-132,sgs_mobile_non_special_20260725_unofficial,三国杀移动版,常规军争身份模式；排位2v2；斗地主；八人军争限时变体,2026-07-25时的版本,2026-07-25,顺手牵羊,无,锦囊牌,♠,黑,4,1,sgs_trick_shunshouqianyang,,,初始来源为非官方网络UP主转录；后经用户与实际卡牌逐张核对,unofficial_transcription_then_user_verified,user_verified_against_actual_cards,2026-07-27,用户原始明细；颜色由花色推导；类别按牌名结构化；未进行官方核验；核验状态不代表官方逐牌认证
sgs-mobile-20260725-133,sgs_mobile_non_special_20260725_unofficial,三国杀移动版,常规军争身份模式；排位2v2；斗地主；八人军争限时变体,2026-07-25时的版本,2026-07-25,雷杀,无,基本牌,♠,黑,4,1,sgs_basic_leisha,,,初始来源为非官方网络UP主转录；后经用户与实际卡牌逐张核对,unofficial_transcription_then_user_verified,user_verified_against_actual_cards,2026-07-27,用户原始明细；颜色由花色推导；类别按牌名结构化；未进行官方核验；核验状态不代表官方逐牌认证；卡面正式文本已由用户提供并确认（IN_GAME_CARD_TEXT_CONFIRMED，2026-08-09，移动版军争卡组/卡牌说明截图）
sgs-mobile-20260725-134,sgs_mobile_non_special_20260725_unofficial,三国杀移动版,常规军争身份模式；排位2v2；斗地主；八人军争限时变体,2026-07-25时的版本,2026-07-25,青龙偃月刀,无,装备牌,♠,黑,5,1,sgs_weapon_qinglongyanyuedao,weapon,,初始来源为非官方网络UP主转录；后经用户与实际卡牌逐张核对,unofficial_transcription_then_user_verified,user_verified_against_actual_cards,2026-07-27,用户原始明细；颜色由花色推导；类别按牌名结构化；未进行官方核验；核验状态不代表官方逐牌认证
sgs-mobile-20260725-135,sgs_mobile_non_special_20260725_unofficial,三国杀移动版,常规军争身份模式；排位2v2；斗地主；八人军争限时变体,2026-07-25时的版本,2026-07-25,绝影,无,装备牌,♠,黑,5,1,sgs_mount_defensive,defense_horse,+1,初始来源为非官方网络UP主转录；后经用户与实际卡牌逐张核对,unofficial_transcription_then_user_verified,user_verified_against_actual_cards,2026-07-27,用户原始明细；颜色由花色推导；类别按牌名结构化；未进行官方核验；核验状态不代表官方逐牌认证
sgs-mobile-20260725-136,sgs_mobile_non_special_20260725_unofficial,三国杀移动版,常规军争身份模式；排位2v2；斗地主；八人军争限时变体,2026-07-25时的版本,2026-07-25,雷杀,无,基本牌,♠,黑,5,1,sgs_basic_leisha,,,初始来源为非官方网络UP主转录；后经用户与实际卡牌逐张核对,unofficial_transcription_then_user_verified,user_verified_against_actual_cards,2026-07-27,用户原始明细；颜色由花色推导；类别按牌名结构化；未进行官方核验；核验状态不代表官方逐牌认证；卡面正式文本已由用户提供并确认（IN_GAME_CARD_TEXT_CONFIRMED，2026-08-09，移动版军争卡组/卡牌说明截图）
sgs-mobile-20260725-137,sgs_mobile_non_special_20260725_unofficial,三国杀移动版,常规军争身份模式；排位2v2；斗地主；八人军争限时变体,2026-07-25时的版本,2026-07-25,乐不思蜀,无,锦囊牌,♠,黑,6,1,sgs_delayed_lebusi,,,初始来源为非官方网络UP主转录；后经用户与实际卡牌逐张核对,unofficial_transcription_then_user_verified,user_verified_against_actual_cards,2026-07-27,用户原始明细；颜色由花色推导；类别按牌名结构化；未进行官方核验；核验状态不代表官方逐牌认证
sgs-mobile-20260725-138,sgs_mobile_non_special_20260725_unofficial,三国杀移动版,常规军争身份模式；排位2v2；斗地主；八人军争限时变体,2026-07-25时的版本,2026-07-25,青釭剑,无,装备牌,♠,黑,6,1,sgs_weapon_qinggangjian,weapon,,初始来源为非官方网络UP主转录；后经用户与实际卡牌逐张核对,unofficial_transcription_then_user_verified,user_verified_against_actual_cards,2026-07-27,用户原始明细；颜色由花色推导；类别按牌名结构化；未进行官方核验；核验状态不代表官方逐牌认证
sgs-mobile-20260725-139,sgs_mobile_non_special_20260725_unofficial,三国杀移动版,常规军争身份模式；排位2v2；斗地主；八人军争限时变体,2026-07-25时的版本,2026-07-25,雷杀,无,基本牌,♠,黑,6,1,sgs_basic_leisha,,,初始来源为非官方网络UP主转录；后经用户与实际卡牌逐张核对,unofficial_transcription_then_user_verified,user_verified_against_actual_cards,2026-07-27,用户原始明细；颜色由花色推导；类别按牌名结构化；未进行官方核验；核验状态不代表官方逐牌认证；卡面正式文本已由用户提供并确认（IN_GAME_CARD_TEXT_CONFIRMED，2026-08-09，移动版军争卡组/卡牌说明截图）
sgs-mobile-20260725-140,sgs_mobile_non_special_20260725_unofficial,三国杀移动版,常规军争身份模式；排位2v2；斗地主；八人军争限时变体,2026-07-25时的版本,2026-07-25,杀,无,基本牌,♠,黑,7,1,sgs_basic_sha,,,初始来源为非官方网络UP主转录；后经用户与实际卡牌逐张核对,unofficial_transcription_then_user_verified,user_verified_against_actual_cards,2026-07-27,用户原始明细；颜色由花色推导；类别按牌名结构化；未进行官方核验；核验状态不代表官方逐牌认证；卡面正式文本已由用户提供并确认（IN_GAME_CARD_TEXT_CONFIRMED，2026-08-09，移动版军争卡组/卡牌说明截图）
sgs-mobile-20260725-141,sgs_mobile_non_special_20260725_unofficial,三国杀移动版,常规军争身份模式；排位2v2；斗地主；八人军争限时变体,2026-07-25时的版本,2026-07-25,南蛮入侵,无,锦囊牌,♠,黑,7,1,sgs_trick_nanmanruqin,,,初始来源为非官方网络UP主转录；后经用户与实际卡牌逐张核对,unofficial_transcription_then_user_verified,user_verified_against_actual_cards,2026-07-27,用户原始明细；颜色由花色推导；类别按牌名结构化；未进行官方核验；核验状态不代表官方逐牌认证
sgs-mobile-20260725-142,sgs_mobile_non_special_20260725_unofficial,三国杀移动版,常规军争身份模式；排位2v2；斗地主；八人军争限时变体,2026-07-25时的版本,2026-07-25,雷杀,无,基本牌,♠,黑,7,1,sgs_basic_leisha,,,初始来源为非官方网络UP主转录；后经用户与实际卡牌逐张核对,unofficial_transcription_then_user_verified,user_verified_against_actual_cards,2026-07-27,用户原始明细；颜色由花色推导；类别按牌名结构化；未进行官方核验；核验状态不代表官方逐牌认证；卡面正式文本已由用户提供并确认（IN_GAME_CARD_TEXT_CONFIRMED，2026-08-09，移动版军争卡组/卡牌说明截图）
sgs-mobile-20260725-143,sgs_mobile_non_special_20260725_unofficial,三国杀移动版,常规军争身份模式；排位2v2；斗地主；八人军争限时变体,2026-07-25时的版本,2026-07-25,杀,无,基本牌,♠,黑,8,1,sgs_basic_sha,,,初始来源为非官方网络UP主转录；后经用户与实际卡牌逐张核对,unofficial_transcription_then_user_verified,user_verified_against_actual_cards,2026-07-27,用户原始明细；颜色由花色推导；类别按牌名结构化；未进行官方核验；核验状态不代表官方逐牌认证；卡面正式文本已由用户提供并确认（IN_GAME_CARD_TEXT_CONFIRMED，2026-08-09，移动版军争卡组/卡牌说明截图）
sgs-mobile-20260725-144,sgs_mobile_non_special_20260725_unofficial,三国杀移动版,常规军争身份模式；排位2v2；斗地主；八人军争限时变体,2026-07-25时的版本,2026-07-25,杀,无,基本牌,♠,黑,8,1,sgs_basic_sha,,,初始来源为非官方网络UP主转录；后经用户与实际卡牌逐张核对,unofficial_transcription_then_user_verified,user_verified_against_actual_cards,2026-07-27,用户原始明细；颜色由花色推导；类别按牌名结构化；未进行官方核验；核验状态不代表官方逐牌认证；卡面正式文本已由用户提供并确认（IN_GAME_CARD_TEXT_CONFIRMED，2026-08-09，移动版军争卡组/卡牌说明截图）
sgs-mobile-20260725-145,sgs_mobile_non_special_20260725_unofficial,三国杀移动版,常规军争身份模式；排位2v2；斗地主；八人军争限时变体,2026-07-25时的版本,2026-07-25,雷杀,无,基本牌,♠,黑,8,1,sgs_basic_leisha,,,初始来源为非官方网络UP主转录；后经用户与实际卡牌逐张核对,unofficial_transcription_then_user_verified,user_verified_against_actual_cards,2026-07-27,用户原始明细；颜色由花色推导；类别按牌名结构化；未进行官方核验；核验状态不代表官方逐牌认证；卡面正式文本已由用户提供并确认（IN_GAME_CARD_TEXT_CONFIRMED，2026-08-09，移动版军争卡组/卡牌说明截图）
sgs-mobile-20260725-146,sgs_mobile_non_special_20260725_unofficial,三国杀移动版,常规军争身份模式；排位2v2；斗地主；八人军争限时变体,2026-07-25时的版本,2026-07-25,杀,无,基本牌,♠,黑,9,1,sgs_basic_sha,,,初始来源为非官方网络UP主转录；后经用户与实际卡牌逐张核对,unofficial_transcription_then_user_verified,user_verified_against_actual_cards,2026-07-27,用户原始明细；颜色由花色推导；类别按牌名结构化；未进行官方核验；核验状态不代表官方逐牌认证；卡面正式文本已由用户提供并确认（IN_GAME_CARD_TEXT_CONFIRMED，2026-08-09，移动版军争卡组/卡牌说明截图）
sgs-mobile-20260725-147,sgs_mobile_non_special_20260725_unofficial,三国杀移动版,常规军争身份模式；排位2v2；斗地主；八人军争限时变体,2026-07-25时的版本,2026-07-25,杀,无,基本牌,♠,黑,9,1,sgs_basic_sha,,,初始来源为非官方网络UP主转录；后经用户与实际卡牌逐张核对,unofficial_transcription_then_user_verified,user_verified_against_actual_cards,2026-07-27,用户原始明细；颜色由花色推导；类别按牌名结构化；未进行官方核验；核验状态不代表官方逐牌认证；卡面正式文本已由用户提供并确认（IN_GAME_CARD_TEXT_CONFIRMED，2026-08-09，移动版军争卡组/卡牌说明截图）
sgs-mobile-20260725-148,sgs_mobile_non_special_20260725_unofficial,三国杀移动版,常规军争身份模式；排位2v2；斗地主；八人军争限时变体,2026-07-25时的版本,2026-07-25,酒,无,基本牌,♠,黑,9,1,sgs_basic_jiu,,,初始来源为非官方网络UP主转录；后经用户与实际卡牌逐张核对,unofficial_transcription_then_user_verified,user_verified_against_actual_cards,2026-07-27,用户原始明细；颜色由花色推导；类别按牌名结构化；未进行官方核验；核验状态不代表官方逐牌认证
sgs-mobile-20260725-149,sgs_mobile_non_special_20260725_unofficial,三国杀移动版,常规军争身份模式；排位2v2；斗地主；八人军争限时变体,2026-07-25时的版本,2026-07-25,杀,无,基本牌,♠,黑,10,1,sgs_basic_sha,,,初始来源为非官方网络UP主转录；后经用户与实际卡牌逐张核对,unofficial_transcription_then_user_verified,user_verified_against_actual_cards,2026-07-27,用户原始明细；颜色由花色推导；类别按牌名结构化；未进行官方核验；核验状态不代表官方逐牌认证；卡面正式文本已由用户提供并确认（IN_GAME_CARD_TEXT_CONFIRMED，2026-08-09，移动版军争卡组/卡牌说明截图）
sgs-mobile-20260725-150,sgs_mobile_non_special_20260725_unofficial,三国杀移动版,常规军争身份模式；排位2v2；斗地主；八人军争限时变体,2026-07-25时的版本,2026-07-25,杀,无,基本牌,♠,黑,10,1,sgs_basic_sha,,,初始来源为非官方网络UP主转录；后经用户与实际卡牌逐张核对,unofficial_transcription_then_user_verified,user_verified_against_actual_cards,2026-07-27,用户原始明细；颜色由花色推导；类别按牌名结构化；未进行官方核验；核验状态不代表官方逐牌认证；卡面正式文本已由用户提供并确认（IN_GAME_CARD_TEXT_CONFIRMED，2026-08-09，移动版军争卡组/卡牌说明截图）
sgs-mobile-20260725-151,sgs_mobile_non_special_20260725_unofficial,三国杀移动版,常规军争身份模式；排位2v2；斗地主；八人军争限时变体,2026-07-25时的版本,2026-07-25,兵粮寸断,无,锦囊牌,♠,黑,10,1,sgs_delayed_bingliang,,,初始来源为非官方网络UP主转录；后经用户与实际卡牌逐张核对,unofficial_transcription_then_user_verified,user_verified_against_actual_cards,2026-07-27,用户原始明细；颜色由花色推导；类别按牌名结构化；未进行官方核验；核验状态不代表官方逐牌认证
sgs-mobile-20260725-152,sgs_mobile_non_special_20260725_unofficial,三国杀移动版,常规军争身份模式；排位2v2；斗地主；八人军争限时变体,2026-07-25时的版本,2026-07-25,顺手牵羊,无,锦囊牌,♠,黑,J,1,sgs_trick_shunshouqianyang,,,初始来源为非官方网络UP主转录；后经用户与实际卡牌逐张核对,unofficial_transcription_then_user_verified,user_verified_against_actual_cards,2026-07-27,用户原始明细；颜色由花色推导；类别按牌名结构化；未进行官方核验；核验状态不代表官方逐牌认证
sgs-mobile-20260725-153,sgs_mobile_non_special_20260725_unofficial,三国杀移动版,常规军争身份模式；排位2v2；斗地主；八人军争限时变体,2026-07-25时的版本,2026-07-25,无懈可击,无,锦囊牌,♠,黑,J,1,sgs_trick_wuxiekeji,,,初始来源为非官方网络UP主转录；后经用户与实际卡牌逐张核对,unofficial_transcription_then_user_verified,user_verified_against_actual_cards,2026-07-27,用户原始明细；颜色由花色推导；类别按牌名结构化；未进行官方核验；核验状态不代表官方逐牌认证
sgs-mobile-20260725-154,sgs_mobile_non_special_20260725_unofficial,三国杀移动版,常规军争身份模式；排位2v2；斗地主；八人军争限时变体,2026-07-25时的版本,2026-07-25,铁索连环,无,锦囊牌,♠,黑,J,1,sgs_trick_tiesuolianhuan,,,初始来源为非官方网络UP主转录；后经用户与实际卡牌逐张核对,unofficial_transcription_then_user_verified,user_verified_against_actual_cards,2026-07-27,用户原始明细；颜色由花色推导；类别按牌名结构化；未进行官方核验；核验状态不代表官方逐牌认证
sgs-mobile-20260725-155,sgs_mobile_non_special_20260725_unofficial,三国杀移动版,常规军争身份模式；排位2v2；斗地主；八人军争限时变体,2026-07-25时的版本,2026-07-25,过河拆桥,无,锦囊牌,♠,黑,Q,1,sgs_trick_guohechaiqiao,,,初始来源为非官方网络UP主转录；后经用户与实际卡牌逐张核对,unofficial_transcription_then_user_verified,user_verified_against_actual_cards,2026-07-27,用户原始明细；颜色由花色推导；类别按牌名结构化；未进行官方核验；核验状态不代表官方逐牌认证；卡面正式文本已由用户提供并确认（IN_GAME_CARD_TEXT_CONFIRMED，2026-08-09，移动版军争卡组/卡牌说明截图）
sgs-mobile-20260725-156,sgs_mobile_non_special_20260725_unofficial,三国杀移动版,常规军争身份模式；排位2v2；斗地主；八人军争限时变体,2026-07-25时的版本,2026-07-25,丈八蛇矛,无,装备牌,♠,黑,Q,1,sgs_weapon_zhangbashemao,weapon,,初始来源为非官方网络UP主转录；后经用户与实际卡牌逐张核对,unofficial_transcription_then_user_verified,user_verified_against_actual_cards,2026-07-27,用户原始明细；颜色由花色推导；类别按牌名结构化；未进行官方核验；核验状态不代表官方逐牌认证
sgs-mobile-20260725-157,sgs_mobile_non_special_20260725_unofficial,三国杀移动版,常规军争身份模式；排位2v2；斗地主；八人军争限时变体,2026-07-25时的版本,2026-07-25,铁索连环,无,锦囊牌,♠,黑,Q,1,sgs_trick_tiesuolianhuan,,,初始来源为非官方网络UP主转录；后经用户与实际卡牌逐张核对,unofficial_transcription_then_user_verified,user_verified_against_actual_cards,2026-07-27,用户原始明细；颜色由花色推导；类别按牌名结构化；未进行官方核验；核验状态不代表官方逐牌认证
sgs-mobile-20260725-158,sgs_mobile_non_special_20260725_unofficial,三国杀移动版,常规军争身份模式；排位2v2；斗地主；八人军争限时变体,2026-07-25时的版本,2026-07-25,南蛮入侵,无,锦囊牌,♠,黑,K,1,sgs_trick_nanmanruqin,,,初始来源为非官方网络UP主转录；后经用户与实际卡牌逐张核对,unofficial_transcription_then_user_verified,user_verified_against_actual_cards,2026-07-27,用户原始明细；颜色由花色推导；类别按牌名结构化；未进行官方核验；核验状态不代表官方逐牌认证
sgs-mobile-20260725-159,sgs_mobile_non_special_20260725_unofficial,三国杀移动版,常规军争身份模式；排位2v2；斗地主；八人军争限时变体,2026-07-25时的版本,2026-07-25,大宛,无,装备牌,♠,黑,K,1,sgs_mount_offensive,attack_horse,-1,初始来源为非官方网络UP主转录；后经用户与实际卡牌逐张核对,unofficial_transcription_then_user_verified,user_verified_against_actual_cards,2026-07-27,用户原始明细；颜色由花色推导；类别按牌名结构化；未进行官方核验；核验状态不代表官方逐牌认证
sgs-mobile-20260725-160,sgs_mobile_non_special_20260725_unofficial,三国杀移动版,常规军争身份模式；排位2v2；斗地主；八人军争限时变体,2026-07-25时的版本,2026-07-25,无懈可击,无,锦囊牌,♠,黑,K,1,sgs_trick_wuxiekeji,,,初始来源为非官方网络UP主转录；后经用户与实际卡牌逐张核对,unofficial_transcription_then_user_verified,user_verified_against_actual_cards,2026-07-27,用户原始明细；颜色由花色推导；类别按牌名结构化；未进行官方核验；核验状态不代表官方逐牌认证
