card_key,use_mode,timing,target_scope,condition,limit_scope,limit_count,response_to,response_action,event_type,physical_or_virtual
sgs_basic_tao,own_play_phase_self_heal,own_play_phase,self,wounded,none,unlimited,none,none,none,not_applicable
sgs_basic_tao,dying_self_rescue,legal_dying_rescue_window,self,dying,none,unlimited,none,none,none,not_applicable
sgs_basic_tao,rescue_other_dying_character,legal_dying_rescue_window,other_dying_character,target_dying,none,unlimited,none,none,none,not_applicable
sgs_basic_jiu,play_phase_slash_buff,own_play_phase,self,legal,play_phase,1,none,none,none,not_applicable
sgs_basic_jiu,dying_self_rescue,legal_dying_rescue_window,self,dying,none,unlimited,none,none,none,not_applicable
sgs_basic_shan,slash_response,card_response_window,self,responding_to_slash,none,unlimited,slash,use,card_used,physical
sgs_basic_shan,archery_attack_response,card_response_window,self,responding_to_archery_attack,none,unlimited,archery_attack,play,card_played,physical
sgs_armor_baguazhen,bagua_slash_response,card_response_window,self,red_judgment_while_responding_to_slash,none,unlimited,slash,use,card_used,virtual
sgs_armor_baguazhen,bagua_archery_attack_response,card_response_window,self,red_judgment_while_responding_to_archery_attack,none,unlimited,archery_attack,play,card_played,virtual
